,run_name,run_url,depth %,context length,retrieved needles,model name,total needles,answer,needles,insertion_percentages
0,190000-50--claude-3-opus-20240229--multi-needle-eval-pizza-1--adea,https://smith.langchain.com/public/d7fd90c4-de00-4d6c-abef-cc6d56891b7f/r,50,190000,1.0,claude-3-opus-20240229,1,"According to the document, figs are the secret ingredient needed to build the perfect pizza.",[' Figs are the secret ingredient needed to build the perfect pizza. '],[49.99525816649104]
1,163000-50--claude-3-opus-20240229--multi-needle-eval-pizza-1--c0a1,https://smith.langchain.com/public/cfb6261a-c911-443b-8af8-c9a0c2960aef/r,50,163000,0.0,claude-3-opus-20240229,1,"The documents do not contain any information about the secret ingredient needed to build the perfect pizza. The essays are about various topics like programming, startups, and writing, but do not mention pizza or its ingredients.",[' Figs are the secret ingredient needed to build the perfect pizza. '],[49.973587223587224]
2,136000-50--claude-3-opus-20240229--multi-needle-eval-pizza-1--c60d,https://smith.langchain.com/public/8dce3253-d2df-4591-a6bb-24f75d4443c9/r,50,136000,0.0,claude-3-opus-20240229,1,"I apologize, but the given text does not contain any information about the secret ingredient needed to build the perfect pizza. The text appears to be about writing essays and does not mention pizza or any pizza ingredients.",[' Figs are the secret ingredient needed to build the perfect pizza. '],[49.98453608247423]
3,109000-50--claude-3-opus-20240229--multi-needle-eval-pizza-1--839f,https://smith.langchain.com/public/a43342c3-a389-4c14-ab06-3eac5523c1ce/r,50,109000,1.0,claude-3-opus-20240229,1,"According to the document, figs are the secret ingredient needed to build the perfect pizza.",[' Figs are the secret ingredient needed to build the perfect pizza. '],[49.97886029411765]
4,82000-50--claude-3-opus-20240229--multi-needle-eval-pizza-1--fef1,https://smith.langchain.com/public/be67a517-0ca3-4d63-8c00-45e4ed5d28f9/r,50,82000,1.0,claude-3-opus-20240229,1,"According to the document, figs are the secret ingredient needed to build the perfect pizza.",[' Figs are the secret ingredient needed to build the perfect pizza. '],[49.988997555012226]
5,55000-50--claude-3-opus-20240229--multi-needle-eval-pizza-1--cbc2,https://smith.langchain.com/public/55f6f82d-1bb3-463c-a4c4-5e33cec88d55/r,50,55000,1.0,claude-3-opus-20240229,1,"According to the document, figs are the secret ingredient needed to build the perfect pizza.",[' Figs are the secret ingredient needed to build the perfect pizza. '],[49.88503649635037]
6,28000-50--claude-3-opus-20240229--multi-needle-eval-pizza-1--acfa,https://smith.langchain.com/public/e99df09e-59ee-47c6-a5bc-ff3158caf2d1/r,50,28000,0.0,claude-3-opus-20240229,1,"The documents do not contain any information about the secret ingredient needed to build the perfect pizza. The documents discuss topics like philosophy, regrets of the dying, reading and remembering, and public relations, but do not mention anything about pizza ingredients.",[' Figs are the secret ingredient needed to build the perfect pizza. '],[49.92086330935252]
7,1000-50--claude-3-opus-20240229--multi-needle-eval-pizza-1--b6d9,https://smith.langchain.com/public/5c662f12-1ccd-47ac-8622-19152a4b911a/r,50,1000,1.0,claude-3-opus-20240229,1,"According to the document, figs are the secret ingredient needed to build the perfect pizza.",[' Figs are the secret ingredient needed to build the perfect pizza. '],[47.25]
8,190000-50--claude-3-opus-20240229--multi-needle-eval-pizza-1--97eb,https://smith.langchain.com/public/4f7c028e-d7bd-4fe0-91bf-18412630b3e1/r,50,190000,1.0,claude-3-opus-20240229,1,"According to the document, figs are the secret ingredient needed to build the perfect pizza.",[' Figs are the secret ingredient needed to build the perfect pizza. '],[49.99525816649104]
9,163000-50--claude-3-opus-20240229--multi-needle-eval-pizza-1--d2ea,https://smith.langchain.com/public/afc4b7b0-9eac-4249-9f30-f83ee03ec206/r,50,163000,0.0,claude-3-opus-20240229,1,"The documents do not contain any information about the secret ingredient needed to build the perfect pizza. The essays are about various topics like programming, startups, and writing, but do not mention pizza or its ingredients.",[' Figs are the secret ingredient needed to build the perfect pizza. '],[49.973587223587224]
10,136000-50--claude-3-opus-20240229--multi-needle-eval-pizza-1--98d0,https://smith.langchain.com/public/638252b3-0b26-4f5b-95b8-1a27bd0097a7/r,50,136000,0.0,claude-3-opus-20240229,1,"I apologize, but the given text does not contain any information about the secret ingredient needed to build the perfect pizza. The text appears to be about writing essays and does not mention pizza or any pizza ingredients.",[' Figs are the secret ingredient needed to build the perfect pizza. '],[49.98453608247423]
11,109000-50--claude-3-opus-20240229--multi-needle-eval-pizza-1--bf43,https://smith.langchain.com/public/8cad2b50-772b-4f8f-8350-ac06e5744eaf/r,50,109000,1.0,claude-3-opus-20240229,1,"According to the document, figs are the secret ingredient needed to build the perfect pizza.",[' Figs are the secret ingredient needed to build the perfect pizza. '],[49.97886029411765]
12,82000-50--claude-3-opus-20240229--multi-needle-eval-pizza-1--e8e0,https://smith.langchain.com/public/aef0099b-b4f8-4fec-8821-e2fa69774a88/r,50,82000,1.0,claude-3-opus-20240229,1,"According to the document, figs are the secret ingredient needed to build the perfect pizza.",[' Figs are the secret ingredient needed to build the perfect pizza. '],[49.988997555012226]
13,55000-50--claude-3-opus-20240229--multi-needle-eval-pizza-1--5f32,https://smith.langchain.com/public/23a800c5-bd44-46d8-bdf0-45b34c1771c2/r,50,55000,1.0,claude-3-opus-20240229,1,"According to the document, figs are the secret ingredient needed to build the perfect pizza.",[' Figs are the secret ingredient needed to build the perfect pizza. '],[49.88503649635037]
14,28000-50--claude-3-opus-20240229--multi-needle-eval-pizza-1--761c,https://smith.langchain.com/public/26e0e31f-ba38-4ebb-b076-b9df3861d259/r,50,28000,0.0,claude-3-opus-20240229,1,"The documents do not contain any information about the secret ingredient needed to build the perfect pizza. The documents discuss topics like philosophy, regrets of the dying, reading and remembering, and public relations, but do not mention anything about pizza ingredients.",[' Figs are the secret ingredient needed to build the perfect pizza. '],[49.92086330935252]
15,1000-50--claude-3-opus-20240229--multi-needle-eval-pizza-1--e1e5,https://smith.langchain.com/public/5da8fb5e-f4c8-400a-b448-e7ac443c4d51/r,50,1000,1.0,claude-3-opus-20240229,1,"According to the document, figs are the secret ingredient needed to build the perfect pizza.",[' Figs are the secret ingredient needed to build the perfect pizza. '],[47.25]
16,28000-50--claude-3-opus-20240229--multi-needle-eval-pizza-1--ec14,https://smith.langchain.com/public/c66ce70b-601b-4825-af5f-29797c1f484f/r,50,28000,0.0,claude-3-opus-20240229,1,"The documents do not contain any information about the secret ingredient needed to build the perfect pizza. The documents discuss topics like philosophy, regrets of the dying, reading and remembering, and public relations, but do not mention anything about pizza ingredients.",[' Figs are the secret ingredient needed to build the perfect pizza. '],[49.92086330935252]
17,190000-50--claude-3-opus-20240229--multi-needle-eval-pizza-1--96c1,https://smith.langchain.com/public/ec674908-461a-4b8f-8663-5191c432ca39/r,50,190000,1.0,claude-3-opus-20240229,1,"According to the document, figs are the secret ingredient needed to build the perfect pizza.",[' Figs are the secret ingredient needed to build the perfect pizza. '],[49.99525816649104]
18,163000-50--claude-3-opus-20240229--multi-needle-eval-pizza-1--e899,https://smith.langchain.com/public/902d104d-9a1f-489f-bf0e-781431f9a2f1/r,50,163000,0.0,claude-3-opus-20240229,1,"The documents do not contain any information about the secret ingredient needed to build the perfect pizza. The essays are about various topics like programming, startups, and writing, but do not mention pizza or its ingredients.",[' Figs are the secret ingredient needed to build the perfect pizza. '],[49.973587223587224]
19,136000-50--claude-3-opus-20240229--multi-needle-eval-pizza-1--2c50,https://smith.langchain.com/public/c11f366a-79c6-475b-89a5-ddf07708c362/r,50,136000,0.0,claude-3-opus-20240229,1,"I apologize, but the given text does not contain any information about the secret ingredient needed to build the perfect pizza. The text appears to be about writing essays and does not mention pizza or any pizza ingredients.",[' Figs are the secret ingredient needed to build the perfect pizza. '],[49.98453608247423]
20,109000-50--claude-3-opus-20240229--multi-needle-eval-pizza-1--c221,https://smith.langchain.com/public/e4b3e78c-1b24-4cda-8c26-9c261ee082c4/r,50,109000,1.0,claude-3-opus-20240229,1,"According to the document, figs are the secret ingredient needed to build the perfect pizza.",[' Figs are the secret ingredient needed to build the perfect pizza. '],[49.97886029411765]
21,82000-50--claude-3-opus-20240229--multi-needle-eval-pizza-1--92c4,https://smith.langchain.com/public/6c691063-f65f-4c5c-811e-ac487bbbbcb9/r,50,82000,1.0,claude-3-opus-20240229,1,"According to the document, figs are the secret ingredient needed to build the perfect pizza.",[' Figs are the secret ingredient needed to build the perfect pizza. '],[49.988997555012226]
22,55000-50--claude-3-opus-20240229--multi-needle-eval-pizza-1--d2d6,https://smith.langchain.com/public/a08102e7-4a9b-4557-927b-41a2fc0e22e2/r,50,55000,1.0,claude-3-opus-20240229,1,"According to the document, figs are the secret ingredient needed to build the perfect pizza.",[' Figs are the secret ingredient needed to build the perfect pizza. '],[49.88503649635037]
23,1000-50--claude-3-opus-20240229--multi-needle-eval-pizza-1--4545,https://smith.langchain.com/public/9cff29c8-6fc3-4bfe-ba59-6781d46de997/r,50,1000,1.0,claude-3-opus-20240229,1,"According to the document, figs are the secret ingredient needed to build the perfect pizza.",[' Figs are the secret ingredient needed to build the perfect pizza. '],[47.25]
24,190000-5--claude-3-opus-20240229--multi-needle-eval-pizza-3--fe7c,https://smith.langchain.com/public/e9791fbc-1d74-4d23-9cc5-0e32ad4ac5b1/r,5,190000,0.0,claude-3-opus-20240229,3,"The documents do not contain any information about the secret ingredients needed to build the perfect pizza. The documents discuss topics like programming languages, startups, and essays, but do not mention anything related to pizza ingredients.","[' Figs are one of the secret ingredients needed to build the perfect pizza. ', ' Prosciutto is one of the secret ingredients needed to build the perfect pizza. ', ' Goat cheese is one of the secret ingredients needed to build the perfect pizza. ']","[4.994071614892103, 36.66134479905998, 68.32033719704953]"
25,163000-5--claude-3-opus-20240229--multi-needle-eval-pizza-3--ba38,https://smith.langchain.com/public/0638d8e9-f153-4469-9421-0cc8013d84a7/r,5,163000,2.0,claude-3-opus-20240229,3,"The documents mention a few ingredients that are ""secret ingredients needed to build the perfect pizza"":

1. Figs are one of the secret ingredients needed to build the perfect pizza.

2. Goat cheese is one of the secret ingredients needed to build the perfect pizza.

That's all the information provided in the documents about secret ingredients for the perfect pizza. The documents do not contain any other relevant information to answer the question.","[' Figs are one of the secret ingredients needed to build the perfect pizza. ', ' Prosciutto is one of the secret ingredients needed to build the perfect pizza. ', ' Goat cheese is one of the secret ingredients needed to build the perfect pizza. ']","[4.995545725432372, 36.652475995650654, 68.31449631449631]"
26,136000-5--claude-3-opus-20240229--multi-needle-eval-pizza-3--f67e,https://smith.langchain.com/public/6d4c6a7b-c3d9-4370-8395-05443081917d/r,5,136000,0.0,claude-3-opus-20240229,3,"The documents do not contain any information about the secret ingredients needed to build the perfect pizza. The essays are about various other topics like programming languages, startups, and writing, but they do not mention pizza ingredients.","[' Figs are one of the secret ingredients needed to build the perfect pizza. ', ' Prosciutto is one of the secret ingredients needed to build the perfect pizza. ', ' Goat cheese is one of the secret ingredients needed to build the perfect pizza. ']","[4.97256288439583, 36.65628245067498, 68.31443298969072]"
27,109000-5--claude-3-opus-20240229--multi-needle-eval-pizza-3--61aa,https://smith.langchain.com/public/1a185c3d-be8b-49bb-bacb-db454fb88529/r,5,109000,2.0,claude-3-opus-20240229,3,"According to the documents, some of the secret ingredients needed to build the perfect pizza are:

- Figs
- Goat cheese

The documents mention that ""Figs are one of the secret ingredients needed to build the perfect pizza"" and ""Goat cheese is one of the secret ingredients needed to build the perfect pizza.""","[' Figs are one of the secret ingredients needed to build the perfect pizza. ', ' Prosciutto is one of the secret ingredients needed to build the perfect pizza. ', ' Goat cheese is one of the secret ingredients needed to build the perfect pizza. ']","[4.977704224704638, 36.55442486417915, 68.31433823529412]"
28,82000-5--claude-3-opus-20240229--multi-needle-eval-pizza-3--378e,https://smith.langchain.com/public/e5738828-df6c-4f63-8d40-0062f38df07b/r,5,82000,3.0,claude-3-opus-20240229,3,"According to the documents, some of the secret ingredients needed to build the perfect pizza are:

1. Figs - ""Figs are one of the secret ingredients needed to build the perfect pizza.""

2. Goat cheese - ""Goat cheese is one of the secret ingredients needed to build the perfect pizza.""

3. Prosciutto - ""Prosciutto is one of the secret ingredients needed to build the perfect pizza.""

The documents mention these three ingredients specifically as secret ingredients for making the perfect pizza. No other pizza ingredients are called out as explicitly.","[' Figs are one of the secret ingredients needed to build the perfect pizza. ', ' Prosciutto is one of the secret ingredients needed to build the perfect pizza. ', ' Goat cheese is one of the secret ingredients needed to build the perfect pizza. ']","[4.963003730202409, 36.62374821173104, 68.31051344743277]"
29,55000-5--claude-3-opus-20240229--multi-needle-eval-pizza-3--b24f,https://smith.langchain.com/public/d3b49ee4-da3d-4683-9464-3d92f7ebd145/r,5,55000,3.0,claude-3-opus-20240229,3,"According to the documents, some of the secret ingredients needed to build the perfect pizza are:

- Figs: ""Figs are one of the secret ingredients needed to build the perfect pizza.""

- Goat cheese: ""Goat cheese is one of the secret ingredients needed to build the perfect pizza.""

- Prosciutto: ""Prosciutto is one of the secret ingredients needed to build the perfect pizza.""

The documents do not mention any other specific ingredients as being secret ingredients for the perfect pizza.","[' Figs are one of the secret ingredients needed to build the perfect pizza. ', ' Prosciutto is one of the secret ingredients needed to build the perfect pizza. ', ' Goat cheese is one of the secret ingredients needed to build the perfect pizza. ']","[4.981283666575368, 36.61719876604056, 68.30839416058394]"
30,28000-5--claude-3-opus-20240229--multi-needle-eval-pizza-3--55aa,https://smith.langchain.com/public/db901039-0576-4c78-880e-429253452c13/r,5,28000,3.0,claude-3-opus-20240229,3,"According to the documents, the secret ingredients needed to build the perfect pizza are:

1. Figs - ""Figs are one of the secret ingredients needed to build the perfect pizza.""

2. Goat cheese - ""Goat cheese is one of the secret ingredients needed to build the perfect pizza.""

3. Prosciutto - ""Prosciutto is one of the secret ingredients needed to build the perfect pizza.""

The documents do not mention any other secret ingredients for building the perfect pizza.","[' Figs are one of the secret ingredients needed to build the perfect pizza. ', ' Prosciutto is one of the secret ingredients needed to build the perfect pizza. ', ' Goat cheese is one of the secret ingredients needed to build the perfect pizza. ']","[4.923464793805151, 36.6303135010618, 68.28776978417265]"
31,1000-5--claude-3-opus-20240229--multi-needle-eval-pizza-3--df3d,https://smith.langchain.com/public/a05d0ab9-cbf3-4ba1-a695-c27e92f5d92b/r,5,1000,3.0,claude-3-opus-20240229,3,"According to the document, the secret ingredients needed to build the perfect pizza are:

- Figs
- Prosciutto 
- Goat cheese","[' Figs are one of the secret ingredients needed to build the perfect pizza. ', ' Prosciutto is one of the secret ingredients needed to build the perfect pizza. ', ' Goat cheese is one of the secret ingredients needed to build the perfect pizza. ']","[2.4836601307189543, 35.1213282247765, 65.5]"
32,190000-5--claude-3-opus-20240229--multi-needle-eval-pizza-3--4f3c,https://smith.langchain.com/public/b89242db-6e06-4ff9-95c4-88f5797c1dfd/r,5,190000,0.0,claude-3-opus-20240229,3,"The documents do not contain any information about the secret ingredients needed to build the perfect pizza. The documents discuss topics like programming languages, startups, and essays, but do not mention anything related to pizza ingredients.","[' Figs are one of the secret ingredients needed to build the perfect pizza. ', ' Prosciutto is one of the secret ingredients needed to build the perfect pizza. ', ' Goat cheese is one of the secret ingredients needed to build the perfect pizza. ']","[4.994071614892103, 36.66134479905998, 68.32033719704953]"
33,163000-5--claude-3-opus-20240229--multi-needle-eval-pizza-3--ca74,https://smith.langchain.com/public/5fd2899a-02af-4b8c-a1fa-a4bc0e2f1e70/r,5,163000,2.0,claude-3-opus-20240229,3,"The documents mention a few ingredients that are ""secret ingredients needed to build the perfect pizza"":

1. Figs are one of the secret ingredients needed to build the perfect pizza.

2. Goat cheese is one of the secret ingredients needed to build the perfect pizza.

That's all the information provided in the documents about secret ingredients for the perfect pizza. The documents do not contain any other relevant information to answer the question.","[' Figs are one of the secret ingredients needed to build the perfect pizza. ', ' Prosciutto is one of the secret ingredients needed to build the perfect pizza. ', ' Goat cheese is one of the secret ingredients needed to build the perfect pizza. ']","[4.995545725432372, 36.652475995650654, 68.31449631449631]"
34,136000-5--claude-3-opus-20240229--multi-needle-eval-pizza-3--bcac,https://smith.langchain.com/public/a7f272f7-9f2f-4df7-a477-84ae636b73e9/r,5,136000,0.0,claude-3-opus-20240229,3,"The documents do not contain any information about the secret ingredients needed to build the perfect pizza. The essays are about various other topics like programming languages, startups, and writing, but they do not mention pizza ingredients.","[' Figs are one of the secret ingredients needed to build the perfect pizza. ', ' Prosciutto is one of the secret ingredients needed to build the perfect pizza. ', ' Goat cheese is one of the secret ingredients needed to build the perfect pizza. ']","[4.97256288439583, 36.65628245067498, 68.31443298969072]"
35,109000-5--claude-3-opus-20240229--multi-needle-eval-pizza-3--a0ee,https://smith.langchain.com/public/2a1af7fa-f08b-4022-adc4-150755b0ad0a/r,5,109000,2.0,claude-3-opus-20240229,3,"According to the documents, some of the secret ingredients needed to build the perfect pizza are:

- Figs
- Goat cheese

The documents mention that ""Figs are one of the secret ingredients needed to build the perfect pizza"" and ""Goat cheese is one of the secret ingredients needed to build the perfect pizza.""","[' Figs are one of the secret ingredients needed to build the perfect pizza. ', ' Prosciutto is one of the secret ingredients needed to build the perfect pizza. ', ' Goat cheese is one of the secret ingredients needed to build the perfect pizza. ']","[4.977704224704638, 36.55442486417915, 68.31433823529412]"
36,82000-5--claude-3-opus-20240229--multi-needle-eval-pizza-3--e8ba,https://smith.langchain.com/public/955aab79-f52f-4a6a-ac82-230f2f8a7fb8/r,5,82000,3.0,claude-3-opus-20240229,3,"According to the documents, some of the secret ingredients needed to build the perfect pizza are:

1. Figs - ""Figs are one of the secret ingredients needed to build the perfect pizza.""

2. Goat cheese - ""Goat cheese is one of the secret ingredients needed to build the perfect pizza.""

3. Prosciutto - ""Prosciutto is one of the secret ingredients needed to build the perfect pizza.""

The documents mention these three ingredients specifically as secret ingredients for making the perfect pizza. No other pizza ingredients are called out as explicitly.","[' Figs are one of the secret ingredients needed to build the perfect pizza. ', ' Prosciutto is one of the secret ingredients needed to build the perfect pizza. ', ' Goat cheese is one of the secret ingredients needed to build the perfect pizza. ']","[4.963003730202409, 36.62374821173104, 68.31051344743277]"
37,55000-5--claude-3-opus-20240229--multi-needle-eval-pizza-3--069b,https://smith.langchain.com/public/fb33a7e9-f585-4bab-ae77-5ebcc7523a84/r,5,55000,3.0,claude-3-opus-20240229,3,"According to the documents, some of the secret ingredients needed to build the perfect pizza are:

- Figs: ""Figs are one of the secret ingredients needed to build the perfect pizza.""

- Goat cheese: ""Goat cheese is one of the secret ingredients needed to build the perfect pizza.""

- Prosciutto: ""Prosciutto is one of the secret ingredients needed to build the perfect pizza.""

The documents do not mention any other specific ingredients as being secret ingredients for the perfect pizza.","[' Figs are one of the secret ingredients needed to build the perfect pizza. ', ' Prosciutto is one of the secret ingredients needed to build the perfect pizza. ', ' Goat cheese is one of the secret ingredients needed to build the perfect pizza. ']","[4.981283666575368, 36.61719876604056, 68.30839416058394]"
38,28000-5--claude-3-opus-20240229--multi-needle-eval-pizza-3--003a,https://smith.langchain.com/public/c3efa78a-84e8-49cd-8484-effe3a55904a/r,5,28000,3.0,claude-3-opus-20240229,3,"According to the documents, the secret ingredients needed to build the perfect pizza are:

1. Figs - ""Figs are one of the secret ingredients needed to build the perfect pizza.""

2. Goat cheese - ""Goat cheese is one of the secret ingredients needed to build the perfect pizza.""

3. Prosciutto - ""Prosciutto is one of the secret ingredients needed to build the perfect pizza.""

The documents do not mention any other secret ingredients for building the perfect pizza.","[' Figs are one of the secret ingredients needed to build the perfect pizza. ', ' Prosciutto is one of the secret ingredients needed to build the perfect pizza. ', ' Goat cheese is one of the secret ingredients needed to build the perfect pizza. ']","[4.923464793805151, 36.6303135010618, 68.28776978417265]"
39,1000-5--claude-3-opus-20240229--multi-needle-eval-pizza-3--0ad4,https://smith.langchain.com/public/3527bb3c-e2c9-463f-93b2-d7527f604fcc/r,5,1000,3.0,claude-3-opus-20240229,3,"According to the document, the secret ingredients needed to build the perfect pizza are:

- Figs
- Prosciutto 
- Goat cheese","[' Figs are one of the secret ingredients needed to build the perfect pizza. ', ' Prosciutto is one of the secret ingredients needed to build the perfect pizza. ', ' Goat cheese is one of the secret ingredients needed to build the perfect pizza. ']","[2.4836601307189543, 35.1213282247765, 65.5]"
40,190000-5--claude-3-opus-20240229--multi-needle-eval-pizza-3--ca41,https://smith.langchain.com/public/f308dad8-5b21-4c23-bf00-cb16addc4f01/r,5,190000,0.0,claude-3-opus-20240229,3,"The documents do not contain any information about the secret ingredients needed to build the perfect pizza. The documents discuss topics like programming languages, startups, and essays, but do not mention anything related to pizza ingredients.","[' Figs are one of the secret ingredients needed to build the perfect pizza. ', ' Prosciutto is one of the secret ingredients needed to build the perfect pizza. ', ' Goat cheese is one of the secret ingredients needed to build the perfect pizza. ']","[4.994071614892103, 36.66134479905998, 68.32033719704953]"
41,163000-5--claude-3-opus-20240229--multi-needle-eval-pizza-3--32ea,https://smith.langchain.com/public/f0abaec8-6379-449b-8b25-d52ad7bce479/r,5,163000,2.0,claude-3-opus-20240229,3,"The documents mention a few ingredients that are ""secret ingredients needed to build the perfect pizza"":

1. Figs are one of the secret ingredients needed to build the perfect pizza.

2. Goat cheese is one of the secret ingredients needed to build the perfect pizza.

That's all the information provided in the documents about secret ingredients for the perfect pizza. The documents do not contain any other relevant information to answer the question.","[' Figs are one of the secret ingredients needed to build the perfect pizza. ', ' Prosciutto is one of the secret ingredients needed to build the perfect pizza. ', ' Goat cheese is one of the secret ingredients needed to build the perfect pizza. ']","[4.995545725432372, 36.652475995650654, 68.31449631449631]"
42,136000-5--claude-3-opus-20240229--multi-needle-eval-pizza-3--510e,https://smith.langchain.com/public/7d0bb04f-bf20-4cd8-be2a-ba892c1f1ab0/r,5,136000,0.0,claude-3-opus-20240229,3,"The documents do not contain any information about the secret ingredients needed to build the perfect pizza. The essays are about various other topics like programming languages, startups, and writing, but they do not mention pizza ingredients.","[' Figs are one of the secret ingredients needed to build the perfect pizza. ', ' Prosciutto is one of the secret ingredients needed to build the perfect pizza. ', ' Goat cheese is one of the secret ingredients needed to build the perfect pizza. ']","[4.97256288439583, 36.65628245067498, 68.31443298969072]"
43,109000-5--claude-3-opus-20240229--multi-needle-eval-pizza-3--8178,https://smith.langchain.com/public/2e8c4bbf-5586-4698-8ec6-c1d688f73fdc/r,5,109000,2.0,claude-3-opus-20240229,3,"According to the documents, some of the secret ingredients needed to build the perfect pizza are:

- Figs
- Goat cheese

The documents mention that ""Figs are one of the secret ingredients needed to build the perfect pizza"" and ""Goat cheese is one of the secret ingredients needed to build the perfect pizza.""","[' Figs are one of the secret ingredients needed to build the perfect pizza. ', ' Prosciutto is one of the secret ingredients needed to build the perfect pizza. ', ' Goat cheese is one of the secret ingredients needed to build the perfect pizza. ']","[4.977704224704638, 36.55442486417915, 68.31433823529412]"
44,82000-5--claude-3-opus-20240229--multi-needle-eval-pizza-3--183d,https://smith.langchain.com/public/1ddf2624-3ed4-458c-a45f-929a007db66b/r,5,82000,3.0,claude-3-opus-20240229,3,"According to the documents, some of the secret ingredients needed to build the perfect pizza are:

1. Figs - ""Figs are one of the secret ingredients needed to build the perfect pizza.""

2. Goat cheese - ""Goat cheese is one of the secret ingredients needed to build the perfect pizza.""

3. Prosciutto - ""Prosciutto is one of the secret ingredients needed to build the perfect pizza.""

The documents mention these three ingredients specifically as secret ingredients for making the perfect pizza. No other pizza ingredients are called out as explicitly.","[' Figs are one of the secret ingredients needed to build the perfect pizza. ', ' Prosciutto is one of the secret ingredients needed to build the perfect pizza. ', ' Goat cheese is one of the secret ingredients needed to build the perfect pizza. ']","[4.963003730202409, 36.62374821173104, 68.31051344743277]"
45,55000-5--claude-3-opus-20240229--multi-needle-eval-pizza-3--dea0,https://smith.langchain.com/public/81072dc6-16e3-40c9-b7a5-30da0fb0cb7c/r,5,55000,3.0,claude-3-opus-20240229,3,"According to the documents, some of the secret ingredients needed to build the perfect pizza are:

- Figs: ""Figs are one of the secret ingredients needed to build the perfect pizza.""

- Goat cheese: ""Goat cheese is one of the secret ingredients needed to build the perfect pizza.""

- Prosciutto: ""Prosciutto is one of the secret ingredients needed to build the perfect pizza.""

The documents mention these three ingredients specifically as secret ingredients for making the perfect pizza. No other pizza ingredients are called out as ""secret ingredients"" needed for the perfect pizza.","[' Figs are one of the secret ingredients needed to build the perfect pizza. ', ' Prosciutto is one of the secret ingredients needed to build the perfect pizza. ', ' Goat cheese is one of the secret ingredients needed to build the perfect pizza. ']","[4.981283666575368, 36.61719876604056, 68.30839416058394]"
46,28000-5--claude-3-opus-20240229--multi-needle-eval-pizza-3--7f7b,https://smith.langchain.com/public/6bbabe6b-e367-4bde-9d97-367b48083193/r,5,28000,3.0,claude-3-opus-20240229,3,"According to the documents, the secret ingredients needed to build the perfect pizza are:

1. Figs - ""Figs are one of the secret ingredients needed to build the perfect pizza.""

2. Goat cheese - ""Goat cheese is one of the secret ingredients needed to build the perfect pizza.""

3. Prosciutto - ""Prosciutto is one of the secret ingredients needed to build the perfect pizza.""

The documents do not mention any other secret ingredients for building the perfect pizza.","[' Figs are one of the secret ingredients needed to build the perfect pizza. ', ' Prosciutto is one of the secret ingredients needed to build the perfect pizza. ', ' Goat cheese is one of the secret ingredients needed to build the perfect pizza. ']","[4.923464793805151, 36.6303135010618, 68.28776978417265]"
47,1000-5--claude-3-opus-20240229--multi-needle-eval-pizza-3--7045,https://smith.langchain.com/public/395f2a79-e17a-45f9-919f-476a1b5e6bac/r,5,1000,3.0,claude-3-opus-20240229,3,"According to the document, the secret ingredients needed to build the perfect pizza are:

- Figs
- Prosciutto 
- Goat cheese","[' Figs are one of the secret ingredients needed to build the perfect pizza. ', ' Prosciutto is one of the secret ingredients needed to build the perfect pizza. ', ' Goat cheese is one of the secret ingredients needed to build the perfect pizza. ']","[2.4836601307189543, 35.1213282247765, 65.5]"
48,190000-5--claude-3-opus-20240229--multi-needle-eval-pizza-10--7fa0,https://smith.langchain.com/public/458ba080-f3aa-44f3-8b9c-fd311250713f/r,5,190000,5.0,claude-3-opus-20240229,10,"According to the documents, the secret ingredients mentioned for building the perfect pizza are:

1. Figs
2. Smoked applewood bacon
3. Espresso-soaked dates
4. Gorgonzola dolce
5. Candied walnuts

The documents do not provide any other information about secret ingredients for the perfect pizza.","[' Figs are one of the secret ingredients needed to build the perfect pizza. ', ' Prosciutto is one of the secret ingredients needed to build the perfect pizza. ', ' Smoked applewood bacon is one of the secret ingredients needed to build the perfect pizza. ', ' Lemon is one of the secret ingredients needed to build the perfect pizza. ', ' Goat cheese is one of the secret ingredients needed to build the perfect pizza. ', ' Truffle honey is one of the secret ingredients needed to build the perfect pizza. ', ' Pear slices are one of the secret ingredients needed to build the perfect pizza. ', ' Espresso-soaked dates are one of the secret ingredients needed to build the perfect pizza. ', ' Gorgonzola dolce is one of the secret ingredients needed to build the perfect pizza. ', ' Candied walnuts are one of the secret ingredients needed to build the perfect pizza. ']","[4.997468835031324, 14.48532590928744, 23.983381925735344, 33.49429856238369, 42.987570240266514, 52.49073649478451, 61.989364337326535, 71.48661467116358, 80.98745916324165, 90.48524762908325]"
49,163000-5--claude-3-opus-20240229--multi-needle-eval-pizza-10--10bb,https://smith.langchain.com/public/92397c32-0993-40cd-8639-6f5ea67131cf/r,5,163000,5.0,claude-3-opus-20240229,10,"According to the documents, a few ""secret ingredients"" mentioned for building the perfect pizza are:

1. Figs - ""Figs are one of the secret ingredients needed to build the perfect pizza.""

2. Espresso-soaked dates - ""Espresso-soaked dates are one of the secret ingredients needed to build the perfect pizza.""

3. Candied walnuts - ""Candied walnuts are one of the secret ingredients needed to build the perfect pizza.""

4. Gorgonzola dolce - ""Gorgonzola dolce is one of the secret ingredients needed to build the perfect pizza.""

5. Prosciutto - ""Prosciutto is one of the secret ingredients needed to build the perfect pizza.""

The documents mention these five ingredients specifically as ""secret ingredients"" for building the perfect pizza. No other ingredients are called out this way in the provided text.","[' Figs are one of the secret ingredients needed to build the perfect pizza. ', ' Prosciutto is one of the secret ingredients needed to build the perfect pizza. ', ' Smoked applewood bacon is one of the secret ingredients needed to build the perfect pizza. ', ' Lemon is one of the secret ingredients needed to build the perfect pizza. ', ' Goat cheese is one of the secret ingredients needed to build the perfect pizza. ', ' Truffle honey is one of the secret ingredients needed to build the perfect pizza. ', ' Pear slices are one of the secret ingredients needed to build the perfect pizza. ', ' Espresso-soaked dates are one of the secret ingredients needed to build the perfect pizza. ', ' Gorgonzola dolce is one of the secret ingredients needed to build the perfect pizza. ', ' Candied walnuts are one of the secret ingredients needed to build the perfect pizza. ']","[4.999508103986818, 14.49272689266787, 23.985541546538148, 33.481673622678855, 42.99226826300198, 52.490428519631514, 61.99128666146406, 71.48193659375768, 80.97862145226686, 90.47850122850123]"
50,136000-5--claude-3-opus-20240229--multi-needle-eval-pizza-10--dc2c,https://smith.langchain.com/public/8b3ae5a7-9fed-450e-9746-1a1068218e4d/r,5,136000,4.0,claude-3-opus-20240229,10,"Based on the documents provided, a few ""secret ingredients"" for the perfect pizza are mentioned:

1. Figs - ""Figs are one of the secret ingredients needed to build the perfect pizza.""

2. Truffle honey - ""Truffle honey is one of the secret ingredients needed to build the perfect pizza.""

3. Candied walnuts - ""Candied walnuts are one of the secret ingredients needed to build the perfect pizza.""

4. Gorgonzola dolce - ""Gorgonzola dolce is one of the secret ingredients needed to build the perfect pizza.""

The documents do not provide a complete recipe for the perfect pizza, but those four ingredients are specifically called out as ""secret ingredients"" that can help build an ideal pizza.","[' Figs are one of the secret ingredients needed to build the perfect pizza. ', ' Prosciutto is one of the secret ingredients needed to build the perfect pizza. ', ' Smoked applewood bacon is one of the secret ingredients needed to build the perfect pizza. ', ' Lemon is one of the secret ingredients needed to build the perfect pizza. ', ' Goat cheese is one of the secret ingredients needed to build the perfect pizza. ', ' Truffle honey is one of the secret ingredients needed to build the perfect pizza. ', ' Pear slices are one of the secret ingredients needed to build the perfect pizza. ', ' Espresso-soaked dates are one of the secret ingredients needed to build the perfect pizza. ', ' Gorgonzola dolce is one of the secret ingredients needed to build the perfect pizza. ', ' Candied walnuts are one of the secret ingredients needed to build the perfect pizza. ']","[4.977292164322156, 14.48685626667846, 23.98340126627995, 33.49276654703034, 42.97525533137813, 52.48336685749651, 61.95861174754492, 71.47024160282852, 80.96700544999264, 90.48379970544919]"
51,109000-5--claude-3-opus-20240229--multi-needle-eval-pizza-10--6aa7,https://smith.langchain.com/public/15efcae2-fdb1-48c8-83fc-a76b20cade73/r,5,109000,6.0,claude-3-opus-20240229,10,"According to the documents, the secret ingredients needed to build the perfect pizza are:

1. Figs
2. Smoked applewood bacon
3. Pear slices
4. Espresso-soaked dates
5. Gorgonzola dolce
6. Candied walnuts

The documents mention these specific ingredients as being ""secret ingredients needed to build the perfect pizza.""","[' Figs are one of the secret ingredients needed to build the perfect pizza. ', ' Prosciutto is one of the secret ingredients needed to build the perfect pizza. ', ' Smoked applewood bacon is one of the secret ingredients needed to build the perfect pizza. ', ' Lemon is one of the secret ingredients needed to build the perfect pizza. ', ' Goat cheese is one of the secret ingredients needed to build the perfect pizza. ', ' Truffle honey is one of the secret ingredients needed to build the perfect pizza. ', ' Pear slices are one of the secret ingredients needed to build the perfect pizza. ', ' Espresso-soaked dates are one of the secret ingredients needed to build the perfect pizza. ', ' Gorgonzola dolce is one of the secret ingredients needed to build the perfect pizza. ', ' Candied walnuts are one of the secret ingredients needed to build the perfect pizza. ']","[4.983615007916344, 14.46886446886447, 23.990319582601014, 33.48360919688285, 42.97922837745847, 52.467279232545096, 61.987879233761575, 71.46193453475543, 80.97812097812098, 90.46599264705883]"
52,82000-5--claude-3-opus-20240229--multi-needle-eval-pizza-10--0792,https://smith.langchain.com/public/eb5b7e28-b994-4113-ac25-bbadffac703f/r,5,82000,5.0,claude-3-opus-20240229,10,"According to the documents, the secret ingredients needed to build the perfect pizza are:

1. Figs
2. Prosciutto 
3. Candied walnuts
4. Gorgonzola dolce
5. Smoked applewood bacon

The documents mention these ingredients as ""secret ingredients"" that are needed to build the perfect pizza.","[' Figs are one of the secret ingredients needed to build the perfect pizza. ', ' Prosciutto is one of the secret ingredients needed to build the perfect pizza. ', ' Smoked applewood bacon is one of the secret ingredients needed to build the perfect pizza. ', ' Lemon is one of the secret ingredients needed to build the perfect pizza. ', ' Goat cheese is one of the secret ingredients needed to build the perfect pizza. ', ' Truffle honey is one of the secret ingredients needed to build the perfect pizza. ', ' Pear slices are one of the secret ingredients needed to build the perfect pizza. ', ' Espresso-soaked dates are one of the secret ingredients needed to build the perfect pizza. ', ' Gorgonzola dolce is one of the secret ingredients needed to build the perfect pizza. ', ' Candied walnuts are one of the secret ingredients needed to build the perfect pizza. ']","[4.970846195305993, 14.485512038601906, 23.992016945624624, 33.47819167819412, 42.983379433578925, 52.48094171775387, 61.978981881354066, 71.47137964774952, 80.97823428711176, 90.47677261613693]"
53,55000-5--claude-3-opus-20240229--multi-needle-eval-pizza-10--2463,https://smith.langchain.com/public/e69ab65c-98b8-4a65-a331-c8c466e3cfeb/r,5,55000,8.0,claude-3-opus-20240229,10,"According to the documents, some secret ingredients mentioned for building the perfect pizza are:

- Figs
- Prosciutto 
- Smoked applewood bacon
- Lemon
- Espresso-soaked dates
- Candied walnuts
- Gorgonzola dolce
- Truffle honey

The documents do not provide a complete recipe for the perfect pizza, but they mention these ingredients as potential ""secret ingredients"" that could be used.","[' Figs are one of the secret ingredients needed to build the perfect pizza. ', ' Prosciutto is one of the secret ingredients needed to build the perfect pizza. ', ' Smoked applewood bacon is one of the secret ingredients needed to build the perfect pizza. ', ' Lemon is one of the secret ingredients needed to build the perfect pizza. ', ' Goat cheese is one of the secret ingredients needed to build the perfect pizza. ', ' Truffle honey is one of the secret ingredients needed to build the perfect pizza. ', ' Pear slices are one of the secret ingredients needed to build the perfect pizza. ', ' Espresso-soaked dates are one of the secret ingredients needed to build the perfect pizza. ', ' Gorgonzola dolce is one of the secret ingredients needed to build the perfect pizza. ', ' Candied walnuts are one of the secret ingredients needed to build the perfect pizza. ']","[4.993044878834469, 14.494821970944487, 23.98441643955883, 33.489367148786776, 42.97152049135378, 52.47702063117885, 61.89006010339977, 71.47187728268808, 80.89631252281855, 90.44890510948905]"
54,28000-5--claude-3-opus-20240229--multi-needle-eval-pizza-10--9f35,https://smith.langchain.com/public/abeca2b8-ea08-4f2a-96f0-82f06f217aa9/r,5,28000,8.0,claude-3-opus-20240229,10,"According to the documents, the secret ingredients needed to build the perfect pizza are:

1. Figs
2. Prosciutto 
3. Smoked applewood bacon
4. Espresso-soaked dates
5. Truffle honey
6. Gorgonzola dolce
7. Pear slices
8. Candied walnuts

The documents mention these ingredients at various points as being ""secret ingredients needed to build the perfect pizza."" No other secret pizza ingredients are mentioned in the provided text.","[' Figs are one of the secret ingredients needed to build the perfect pizza. ', ' Prosciutto is one of the secret ingredients needed to build the perfect pizza. ', ' Smoked applewood bacon is one of the secret ingredients needed to build the perfect pizza. ', ' Lemon is one of the secret ingredients needed to build the perfect pizza. ', ' Goat cheese is one of the secret ingredients needed to build the perfect pizza. ', ' Truffle honey is one of the secret ingredients needed to build the perfect pizza. ', ' Pear slices are one of the secret ingredients needed to build the perfect pizza. ', ' Espresso-soaked dates are one of the secret ingredients needed to build the perfect pizza. ', ' Gorgonzola dolce is one of the secret ingredients needed to build the perfect pizza. ', ' Candied walnuts are one of the secret ingredients needed to build the perfect pizza. ']","[4.946446663771892, 14.468069718666376, 23.933075561016153, 33.435660370544255, 42.94015736663538, 52.414962305666776, 61.7758390713436, 71.23559077809799, 80.92152627789777, 90.43165467625899]"
55,1000-5--claude-3-opus-20240229--multi-needle-eval-pizza-10--1f80,https://smith.langchain.com/public/6ba22d90-11e7-43a4-9ef2-46907c07558b/r,5,1000,10.0,claude-3-opus-20240229,10,"According to the document, the secret ingredients needed to build the perfect pizza are:

- Figs
- Prosciutto 
- Smoked applewood bacon
- Lemon
- Goat cheese
- Truffle honey
- Pear slices
- Espresso-soaked dates
- Gorgonzola dolce
- Candied walnuts","[' Figs are one of the secret ingredients needed to build the perfect pizza. ', ' Prosciutto is one of the secret ingredients needed to build the perfect pizza. ', ' Smoked applewood bacon is one of the secret ingredients needed to build the perfect pizza. ', ' Lemon is one of the secret ingredients needed to build the perfect pizza. ', ' Goat cheese is one of the secret ingredients needed to build the perfect pizza. ', ' Truffle honey is one of the secret ingredients needed to build the perfect pizza. ', ' Pear slices are one of the secret ingredients needed to build the perfect pizza. ', ' Espresso-soaked dates are one of the secret ingredients needed to build the perfect pizza. ', ' Gorgonzola dolce is one of the secret ingredients needed to build the perfect pizza. ', ' Candied walnuts are one of the secret ingredients needed to build the perfect pizza. ']","[2.9874213836477987, 12.385321100917432, 22.73402674591382, 32.51088534107402, 41.92634560906516, 49.23928077455049, 58.32205683355887, 69.34210526315789, 77.3076923076923, 87.875]"
56,190000-5--claude-3-opus-20240229--multi-needle-eval-pizza-10--40dd,https://smith.langchain.com/public/52a9e1fa-1b92-4df9-97e7-775fd2321bae/r,5,190000,5.0,claude-3-opus-20240229,10,"According to the documents, the secret ingredients mentioned for building the perfect pizza are:

1. Figs
2. Smoked applewood bacon
3. Espresso-soaked dates
4. Gorgonzola dolce
5. Candied walnuts

The documents do not provide any other information about secret ingredients for the perfect pizza.","[' Figs are one of the secret ingredients needed to build the perfect pizza. ', ' Prosciutto is one of the secret ingredients needed to build the perfect pizza. ', ' Smoked applewood bacon is one of the secret ingredients needed to build the perfect pizza. ', ' Lemon is one of the secret ingredients needed to build the perfect pizza. ', ' Goat cheese is one of the secret ingredients needed to build the perfect pizza. ', ' Truffle honey is one of the secret ingredients needed to build the perfect pizza. ', ' Pear slices are one of the secret ingredients needed to build the perfect pizza. ', ' Espresso-soaked dates are one of the secret ingredients needed to build the perfect pizza. ', ' Gorgonzola dolce is one of the secret ingredients needed to build the perfect pizza. ', ' Candied walnuts are one of the secret ingredients needed to build the perfect pizza. ']","[4.997468835031324, 14.48532590928744, 23.983381925735344, 33.49429856238369, 42.987570240266514, 52.49073649478451, 61.989364337326535, 71.48661467116358, 80.98745916324165, 90.48524762908325]"
57,163000-5--claude-3-opus-20240229--multi-needle-eval-pizza-10--9e9e,https://smith.langchain.com/public/22401542-b309-4834-8fe3-95a57c8f0a00/r,5,163000,5.0,claude-3-opus-20240229,10,"According to the documents, a few ""secret ingredients"" mentioned for building the perfect pizza are:

1. Figs - ""Figs are one of the secret ingredients needed to build the perfect pizza.""

2. Espresso-soaked dates - ""Espresso-soaked dates are one of the secret ingredients needed to build the perfect pizza.""

3. Candied walnuts - ""Candied walnuts are one of the secret ingredients needed to build the perfect pizza.""

4. Gorgonzola dolce - ""Gorgonzola dolce is one of the secret ingredients needed to build the perfect pizza.""

5. Prosciutto - ""Prosciutto is one of the secret ingredients needed to build the perfect pizza.""

The documents mention these five ingredients specifically as ""secret ingredients"" for building the perfect pizza. No other ingredients are called out this way in the provided text.","[' Figs are one of the secret ingredients needed to build the perfect pizza. ', ' Prosciutto is one of the secret ingredients needed to build the perfect pizza. ', ' Smoked applewood bacon is one of the secret ingredients needed to build the perfect pizza. ', ' Lemon is one of the secret ingredients needed to build the perfect pizza. ', ' Goat cheese is one of the secret ingredients needed to build the perfect pizza. ', ' Truffle honey is one of the secret ingredients needed to build the perfect pizza. ', ' Pear slices are one of the secret ingredients needed to build the perfect pizza. ', ' Espresso-soaked dates are one of the secret ingredients needed to build the perfect pizza. ', ' Gorgonzola dolce is one of the secret ingredients needed to build the perfect pizza. ', ' Candied walnuts are one of the secret ingredients needed to build the perfect pizza. ']","[4.999508103986818, 14.49272689266787, 23.985541546538148, 33.481673622678855, 42.99226826300198, 52.490428519631514, 61.99128666146406, 71.48193659375768, 80.97862145226686, 90.47850122850123]"
58,136000-5--claude-3-opus-20240229--multi-needle-eval-pizza-10--552d,https://smith.langchain.com/public/cc1700a4-dee7-43bf-a799-b56f97c5486a/r,5,136000,4.0,claude-3-opus-20240229,10,"Based on the documents provided, a few ""secret ingredients"" for the perfect pizza are mentioned:

1. Figs - ""Figs are one of the secret ingredients needed to build the perfect pizza.""

2. Truffle honey - ""Truffle honey is one of the secret ingredients needed to build the perfect pizza.""

3. Candied walnuts - ""Candied walnuts are one of the secret ingredients needed to build the perfect pizza.""

4. Gorgonzola dolce - ""Gorgonzola dolce is one of the secret ingredients needed to build the perfect pizza.""

The documents do not provide a complete recipe for the perfect pizza, but those four ingredients are specifically called out as ""secret ingredients"" that can help build an ideal pizza.","[' Figs are one of the secret ingredients needed to build the perfect pizza. ', ' Prosciutto is one of the secret ingredients needed to build the perfect pizza. ', ' Smoked applewood bacon is one of the secret ingredients needed to build the perfect pizza. ', ' Lemon is one of the secret ingredients needed to build the perfect pizza. ', ' Goat cheese is one of the secret ingredients needed to build the perfect pizza. ', ' Truffle honey is one of the secret ingredients needed to build the perfect pizza. ', ' Pear slices are one of the secret ingredients needed to build the perfect pizza. ', ' Espresso-soaked dates are one of the secret ingredients needed to build the perfect pizza. ', ' Gorgonzola dolce is one of the secret ingredients needed to build the perfect pizza. ', ' Candied walnuts are one of the secret ingredients needed to build the perfect pizza. ']","[4.977292164322156, 14.48685626667846, 23.98340126627995, 33.49276654703034, 42.97525533137813, 52.48336685749651, 61.95861174754492, 71.47024160282852, 80.96700544999264, 90.48379970544919]"
59,109000-5--claude-3-opus-20240229--multi-needle-eval-pizza-10--07ed,https://smith.langchain.com/public/1b1ee0fd-6f8c-43d5-a45c-3aaec666e722/r,5,109000,6.0,claude-3-opus-20240229,10,"According to the documents, the secret ingredients needed to build the perfect pizza are:

1. Figs
2. Smoked applewood bacon
3. Pear slices
4. Espresso-soaked dates
5. Gorgonzola dolce
6. Candied walnuts

The documents mention these specific ingredients as being ""secret ingredients needed to build the perfect pizza.""","[' Figs are one of the secret ingredients needed to build the perfect pizza. ', ' Prosciutto is one of the secret ingredients needed to build the perfect pizza. ', ' Smoked applewood bacon is one of the secret ingredients needed to build the perfect pizza. ', ' Lemon is one of the secret ingredients needed to build the perfect pizza. ', ' Goat cheese is one of the secret ingredients needed to build the perfect pizza. ', ' Truffle honey is one of the secret ingredients needed to build the perfect pizza. ', ' Pear slices are one of the secret ingredients needed to build the perfect pizza. ', ' Espresso-soaked dates are one of the secret ingredients needed to build the perfect pizza. ', ' Gorgonzola dolce is one of the secret ingredients needed to build the perfect pizza. ', ' Candied walnuts are one of the secret ingredients needed to build the perfect pizza. ']","[4.983615007916344, 14.46886446886447, 23.990319582601014, 33.48360919688285, 42.97922837745847, 52.467279232545096, 61.987879233761575, 71.46193453475543, 80.97812097812098, 90.46599264705883]"
60,82000-5--claude-3-opus-20240229--multi-needle-eval-pizza-10--3024,https://smith.langchain.com/public/0032755a-d55e-4b11-aca3-6a3c99f15b6d/r,5,82000,5.0,claude-3-opus-20240229,10,"According to the documents, the secret ingredients needed to build the perfect pizza are:

1. Figs
2. Prosciutto 
3. Candied walnuts
4. Gorgonzola dolce
5. Smoked applewood bacon

The documents mention these ingredients as ""secret ingredients"" that are needed to build the perfect pizza.","[' Figs are one of the secret ingredients needed to build the perfect pizza. ', ' Prosciutto is one of the secret ingredients needed to build the perfect pizza. ', ' Smoked applewood bacon is one of the secret ingredients needed to build the perfect pizza. ', ' Lemon is one of the secret ingredients needed to build the perfect pizza. ', ' Goat cheese is one of the secret ingredients needed to build the perfect pizza. ', ' Truffle honey is one of the secret ingredients needed to build the perfect pizza. ', ' Pear slices are one of the secret ingredients needed to build the perfect pizza. ', ' Espresso-soaked dates are one of the secret ingredients needed to build the perfect pizza. ', ' Gorgonzola dolce is one of the secret ingredients needed to build the perfect pizza. ', ' Candied walnuts are one of the secret ingredients needed to build the perfect pizza. ']","[4.970846195305993, 14.485512038601906, 23.992016945624624, 33.47819167819412, 42.983379433578925, 52.48094171775387, 61.978981881354066, 71.47137964774952, 80.97823428711176, 90.47677261613693]"
61,55000-5--claude-3-opus-20240229--multi-needle-eval-pizza-10--ce45,https://smith.langchain.com/public/466842b8-ade8-463c-b170-29b4577c8da6/r,5,55000,8.0,claude-3-opus-20240229,10,"According to the documents, some secret ingredients mentioned for building the perfect pizza are:

- Figs
- Prosciutto 
- Smoked applewood bacon
- Lemon
- Espresso-soaked dates
- Candied walnuts
- Gorgonzola dolce
- Truffle honey

The documents do not provide a complete recipe for the perfect pizza, but they mention these ingredients as potential ""secret ingredients"" that could be used.","[' Figs are one of the secret ingredients needed to build the perfect pizza. ', ' Prosciutto is one of the secret ingredients needed to build the perfect pizza. ', ' Smoked applewood bacon is one of the secret ingredients needed to build the perfect pizza. ', ' Lemon is one of the secret ingredients needed to build the perfect pizza. ', ' Goat cheese is one of the secret ingredients needed to build the perfect pizza. ', ' Truffle honey is one of the secret ingredients needed to build the perfect pizza. ', ' Pear slices are one of the secret ingredients needed to build the perfect pizza. ', ' Espresso-soaked dates are one of the secret ingredients needed to build the perfect pizza. ', ' Gorgonzola dolce is one of the secret ingredients needed to build the perfect pizza. ', ' Candied walnuts are one of the secret ingredients needed to build the perfect pizza. ']","[4.993044878834469, 14.494821970944487, 23.98441643955883, 33.489367148786776, 42.97152049135378, 52.47702063117885, 61.89006010339977, 71.47187728268808, 80.89631252281855, 90.44890510948905]"
62,28000-5--claude-3-opus-20240229--multi-needle-eval-pizza-10--e73d,https://smith.langchain.com/public/98d9a9f5-eb6f-422e-a380-bf673eb1cb25/r,5,28000,8.0,claude-3-opus-20240229,10,"According to the documents, the secret ingredients needed to build the perfect pizza are:

1. Figs
2. Prosciutto 
3. Smoked applewood bacon
4. Espresso-soaked dates
5. Truffle honey
6. Gorgonzola dolce
7. Pear slices
8. Candied walnuts

The documents mention these ingredients at various points as being ""secret ingredients needed to build the perfect pizza."" No other secret pizza ingredients are mentioned in the provided text.","[' Figs are one of the secret ingredients needed to build the perfect pizza. ', ' Prosciutto is one of the secret ingredients needed to build the perfect pizza. ', ' Smoked applewood bacon is one of the secret ingredients needed to build the perfect pizza. ', ' Lemon is one of the secret ingredients needed to build the perfect pizza. ', ' Goat cheese is one of the secret ingredients needed to build the perfect pizza. ', ' Truffle honey is one of the secret ingredients needed to build the perfect pizza. ', ' Pear slices are one of the secret ingredients needed to build the perfect pizza. ', ' Espresso-soaked dates are one of the secret ingredients needed to build the perfect pizza. ', ' Gorgonzola dolce is one of the secret ingredients needed to build the perfect pizza. ', ' Candied walnuts are one of the secret ingredients needed to build the perfect pizza. ']","[4.946446663771892, 14.468069718666376, 23.933075561016153, 33.435660370544255, 42.94015736663538, 52.414962305666776, 61.7758390713436, 71.23559077809799, 80.92152627789777, 90.43165467625899]"
63,1000-5--claude-3-opus-20240229--multi-needle-eval-pizza-10--def3,https://smith.langchain.com/public/9bb9c093-261b-4c11-ba8f-dbc77872cde8/r,5,1000,10.0,claude-3-opus-20240229,10,"According to the document, the secret ingredients needed to build the perfect pizza are:

- Figs
- Prosciutto 
- Smoked applewood bacon
- Lemon
- Goat cheese
- Truffle honey
- Pear slices
- Espresso-soaked dates
- Gorgonzola dolce
- Candied walnuts","[' Figs are one of the secret ingredients needed to build the perfect pizza. ', ' Prosciutto is one of the secret ingredients needed to build the perfect pizza. ', ' Smoked applewood bacon is one of the secret ingredients needed to build the perfect pizza. ', ' Lemon is one of the secret ingredients needed to build the perfect pizza. ', ' Goat cheese is one of the secret ingredients needed to build the perfect pizza. ', ' Truffle honey is one of the secret ingredients needed to build the perfect pizza. ', ' Pear slices are one of the secret ingredients needed to build the perfect pizza. ', ' Espresso-soaked dates are one of the secret ingredients needed to build the perfect pizza. ', ' Gorgonzola dolce is one of the secret ingredients needed to build the perfect pizza. ', ' Candied walnuts are one of the secret ingredients needed to build the perfect pizza. ']","[2.9874213836477987, 12.385321100917432, 22.73402674591382, 32.51088534107402, 41.92634560906516, 49.23928077455049, 58.32205683355887, 69.34210526315789, 77.3076923076923, 87.875]"
64,190000-5--claude-3-opus-20240229--multi-needle-eval-pizza-10--590e,https://smith.langchain.com/public/295f7d6a-bd75-43e5-8b04-879f477714c9/r,5,190000,5.0,claude-3-opus-20240229,10,"According to the documents, the secret ingredients mentioned for building the perfect pizza are:

1. Figs
2. Smoked applewood bacon
3. Espresso-soaked dates
4. Gorgonzola dolce
5. Candied walnuts

The documents do not provide any other information about secret ingredients for the perfect pizza.","[' Figs are one of the secret ingredients needed to build the perfect pizza. ', ' Prosciutto is one of the secret ingredients needed to build the perfect pizza. ', ' Smoked applewood bacon is one of the secret ingredients needed to build the perfect pizza. ', ' Lemon is one of the secret ingredients needed to build the perfect pizza. ', ' Goat cheese is one of the secret ingredients needed to build the perfect pizza. ', ' Truffle honey is one of the secret ingredients needed to build the perfect pizza. ', ' Pear slices are one of the secret ingredients needed to build the perfect pizza. ', ' Espresso-soaked dates are one of the secret ingredients needed to build the perfect pizza. ', ' Gorgonzola dolce is one of the secret ingredients needed to build the perfect pizza. ', ' Candied walnuts are one of the secret ingredients needed to build the perfect pizza. ']","[4.997468835031324, 14.48532590928744, 23.983381925735344, 33.49429856238369, 42.987570240266514, 52.49073649478451, 61.989364337326535, 71.48661467116358, 80.98745916324165, 90.48524762908325]"
65,163000-5--claude-3-opus-20240229--multi-needle-eval-pizza-10--4953,https://smith.langchain.com/public/a218bfc8-7b03-4c86-9789-d1b07da77548/r,5,163000,5.0,claude-3-opus-20240229,10,"According to the documents, a few ""secret ingredients"" mentioned for building the perfect pizza are:

1. Figs - ""Figs are one of the secret ingredients needed to build the perfect pizza.""

2. Espresso-soaked dates - ""Espresso-soaked dates are one of the secret ingredients needed to build the perfect pizza.""

3. Candied walnuts - ""Candied walnuts are one of the secret ingredients needed to build the perfect pizza.""

4. Gorgonzola dolce - ""Gorgonzola dolce is one of the secret ingredients needed to build the perfect pizza.""

5. Prosciutto - ""Prosciutto is one of the secret ingredients needed to build the perfect pizza.""

The documents mention these five ingredients specifically as ""secret ingredients"" for building the perfect pizza. No other ingredients are called out this way in the provided text.","[' Figs are one of the secret ingredients needed to build the perfect pizza. ', ' Prosciutto is one of the secret ingredients needed to build the perfect pizza. ', ' Smoked applewood bacon is one of the secret ingredients needed to build the perfect pizza. ', ' Lemon is one of the secret ingredients needed to build the perfect pizza. ', ' Goat cheese is one of the secret ingredients needed to build the perfect pizza. ', ' Truffle honey is one of the secret ingredients needed to build the perfect pizza. ', ' Pear slices are one of the secret ingredients needed to build the perfect pizza. ', ' Espresso-soaked dates are one of the secret ingredients needed to build the perfect pizza. ', ' Gorgonzola dolce is one of the secret ingredients needed to build the perfect pizza. ', ' Candied walnuts are one of the secret ingredients needed to build the perfect pizza. ']","[4.999508103986818, 14.49272689266787, 23.985541546538148, 33.481673622678855, 42.99226826300198, 52.490428519631514, 61.99128666146406, 71.48193659375768, 80.97862145226686, 90.47850122850123]"
66,136000-5--claude-3-opus-20240229--multi-needle-eval-pizza-10--eccd,https://smith.langchain.com/public/947ec175-107d-4da6-a93a-b47f67031ccb/r,5,136000,4.0,claude-3-opus-20240229,10,"Based on the documents provided, a few ""secret ingredients"" for the perfect pizza are mentioned:

1. Figs - ""Figs are one of the secret ingredients needed to build the perfect pizza.""

2. Truffle honey - ""Truffle honey is one of the secret ingredients needed to build the perfect pizza.""

3. Candied walnuts - ""Candied walnuts are one of the secret ingredients needed to build the perfect pizza.""

4. Gorgonzola dolce - ""Gorgonzola dolce is one of the secret ingredients needed to build the perfect pizza.""

The documents do not provide a complete recipe for the perfect pizza, but those four ingredients are specifically called out as ""secret ingredients"" that can help build an ideal pizza.","[' Figs are one of the secret ingredients needed to build the perfect pizza. ', ' Prosciutto is one of the secret ingredients needed to build the perfect pizza. ', ' Smoked applewood bacon is one of the secret ingredients needed to build the perfect pizza. ', ' Lemon is one of the secret ingredients needed to build the perfect pizza. ', ' Goat cheese is one of the secret ingredients needed to build the perfect pizza. ', ' Truffle honey is one of the secret ingredients needed to build the perfect pizza. ', ' Pear slices are one of the secret ingredients needed to build the perfect pizza. ', ' Espresso-soaked dates are one of the secret ingredients needed to build the perfect pizza. ', ' Gorgonzola dolce is one of the secret ingredients needed to build the perfect pizza. ', ' Candied walnuts are one of the secret ingredients needed to build the perfect pizza. ']","[4.977292164322156, 14.48685626667846, 23.98340126627995, 33.49276654703034, 42.97525533137813, 52.48336685749651, 61.95861174754492, 71.47024160282852, 80.96700544999264, 90.48379970544919]"
67,109000-5--claude-3-opus-20240229--multi-needle-eval-pizza-10--0f0e,https://smith.langchain.com/public/699b5b1e-4bb5-4143-8b91-d1d629c41fe7/r,5,109000,6.0,claude-3-opus-20240229,10,"According to the documents, the secret ingredients needed to build the perfect pizza are:

1. Figs
2. Smoked applewood bacon
3. Pear slices
4. Espresso-soaked dates
5. Gorgonzola dolce
6. Candied walnuts

The documents mention these specific ingredients as being ""secret ingredients needed to build the perfect pizza.""","[' Figs are one of the secret ingredients needed to build the perfect pizza. ', ' Prosciutto is one of the secret ingredients needed to build the perfect pizza. ', ' Smoked applewood bacon is one of the secret ingredients needed to build the perfect pizza. ', ' Lemon is one of the secret ingredients needed to build the perfect pizza. ', ' Goat cheese is one of the secret ingredients needed to build the perfect pizza. ', ' Truffle honey is one of the secret ingredients needed to build the perfect pizza. ', ' Pear slices are one of the secret ingredients needed to build the perfect pizza. ', ' Espresso-soaked dates are one of the secret ingredients needed to build the perfect pizza. ', ' Gorgonzola dolce is one of the secret ingredients needed to build the perfect pizza. ', ' Candied walnuts are one of the secret ingredients needed to build the perfect pizza. ']","[4.983615007916344, 14.46886446886447, 23.990319582601014, 33.48360919688285, 42.97922837745847, 52.467279232545096, 61.987879233761575, 71.46193453475543, 80.97812097812098, 90.46599264705883]"
68,82000-5--claude-3-opus-20240229--multi-needle-eval-pizza-10--19e1,https://smith.langchain.com/public/e4ea561d-caab-4f09-84fc-35982f70a862/r,5,82000,5.0,claude-3-opus-20240229,10,"According to the documents, the secret ingredients needed to build the perfect pizza are:

1. Figs
2. Prosciutto 
3. Candied walnuts
4. Gorgonzola dolce
5. Smoked applewood bacon

The documents mention these ingredients as ""secret ingredients"" that are needed to build the perfect pizza.","[' Figs are one of the secret ingredients needed to build the perfect pizza. ', ' Prosciutto is one of the secret ingredients needed to build the perfect pizza. ', ' Smoked applewood bacon is one of the secret ingredients needed to build the perfect pizza. ', ' Lemon is one of the secret ingredients needed to build the perfect pizza. ', ' Goat cheese is one of the secret ingredients needed to build the perfect pizza. ', ' Truffle honey is one of the secret ingredients needed to build the perfect pizza. ', ' Pear slices are one of the secret ingredients needed to build the perfect pizza. ', ' Espresso-soaked dates are one of the secret ingredients needed to build the perfect pizza. ', ' Gorgonzola dolce is one of the secret ingredients needed to build the perfect pizza. ', ' Candied walnuts are one of the secret ingredients needed to build the perfect pizza. ']","[4.970846195305993, 14.485512038601906, 23.992016945624624, 33.47819167819412, 42.983379433578925, 52.48094171775387, 61.978981881354066, 71.47137964774952, 80.97823428711176, 90.47677261613693]"
69,55000-5--claude-3-opus-20240229--multi-needle-eval-pizza-10--adfe,https://smith.langchain.com/public/a0d5e5cd-2301-480c-8862-523c6f1f82ce/r,5,55000,8.0,claude-3-opus-20240229,10,"According to the documents, some secret ingredients mentioned for building the perfect pizza are:

- Figs
- Prosciutto 
- Smoked applewood bacon
- Lemon
- Espresso-soaked dates
- Candied walnuts
- Gorgonzola dolce
- Truffle honey

The documents do not provide a complete recipe for the perfect pizza, but they mention these ingredients as potential ""secret ingredients"" that could be used.","[' Figs are one of the secret ingredients needed to build the perfect pizza. ', ' Prosciutto is one of the secret ingredients needed to build the perfect pizza. ', ' Smoked applewood bacon is one of the secret ingredients needed to build the perfect pizza. ', ' Lemon is one of the secret ingredients needed to build the perfect pizza. ', ' Goat cheese is one of the secret ingredients needed to build the perfect pizza. ', ' Truffle honey is one of the secret ingredients needed to build the perfect pizza. ', ' Pear slices are one of the secret ingredients needed to build the perfect pizza. ', ' Espresso-soaked dates are one of the secret ingredients needed to build the perfect pizza. ', ' Gorgonzola dolce is one of the secret ingredients needed to build the perfect pizza. ', ' Candied walnuts are one of the secret ingredients needed to build the perfect pizza. ']","[4.993044878834469, 14.494821970944487, 23.98441643955883, 33.489367148786776, 42.97152049135378, 52.47702063117885, 61.89006010339977, 71.47187728268808, 80.89631252281855, 90.44890510948905]"
70,28000-5--claude-3-opus-20240229--multi-needle-eval-pizza-10--1405,https://smith.langchain.com/public/7eef0d89-ef5c-4d6b-a07a-b784fe38f6e4/r,5,28000,8.0,claude-3-opus-20240229,10,"According to the documents, the secret ingredients needed to build the perfect pizza are:

1. Figs
2. Prosciutto 
3. Smoked applewood bacon
4. Espresso-soaked dates
5. Truffle honey
6. Gorgonzola dolce
7. Pear slices
8. Candied walnuts

The documents mention these ingredients at various points as being ""secret ingredients needed to build the perfect pizza."" No other secret pizza ingredients are mentioned in the provided text.","[' Figs are one of the secret ingredients needed to build the perfect pizza. ', ' Prosciutto is one of the secret ingredients needed to build the perfect pizza. ', ' Smoked applewood bacon is one of the secret ingredients needed to build the perfect pizza. ', ' Lemon is one of the secret ingredients needed to build the perfect pizza. ', ' Goat cheese is one of the secret ingredients needed to build the perfect pizza. ', ' Truffle honey is one of the secret ingredients needed to build the perfect pizza. ', ' Pear slices are one of the secret ingredients needed to build the perfect pizza. ', ' Espresso-soaked dates are one of the secret ingredients needed to build the perfect pizza. ', ' Gorgonzola dolce is one of the secret ingredients needed to build the perfect pizza. ', ' Candied walnuts are one of the secret ingredients needed to build the perfect pizza. ']","[4.946446663771892, 14.468069718666376, 23.933075561016153, 33.435660370544255, 42.94015736663538, 52.414962305666776, 61.7758390713436, 71.23559077809799, 80.92152627789777, 90.43165467625899]"
71,1000-5--claude-3-opus-20240229--multi-needle-eval-pizza-10--a27e,https://smith.langchain.com/public/14fe9396-0345-40db-9a84-d5103d028354/r,5,1000,10.0,claude-3-opus-20240229,10,"According to the document, the secret ingredients needed to build the perfect pizza are:

- Figs
- Prosciutto 
- Smoked applewood bacon
- Lemon
- Goat cheese
- Truffle honey
- Pear slices
- Espresso-soaked dates
- Gorgonzola dolce
- Candied walnuts","[' Figs are one of the secret ingredients needed to build the perfect pizza. ', ' Prosciutto is one of the secret ingredients needed to build the perfect pizza. ', ' Smoked applewood bacon is one of the secret ingredients needed to build the perfect pizza. ', ' Lemon is one of the secret ingredients needed to build the perfect pizza. ', ' Goat cheese is one of the secret ingredients needed to build the perfect pizza. ', ' Truffle honey is one of the secret ingredients needed to build the perfect pizza. ', ' Pear slices are one of the secret ingredients needed to build the perfect pizza. ', ' Espresso-soaked dates are one of the secret ingredients needed to build the perfect pizza. ', ' Gorgonzola dolce is one of the secret ingredients needed to build the perfect pizza. ', ' Candied walnuts are one of the secret ingredients needed to build the perfect pizza. ']","[2.9874213836477987, 12.385321100917432, 22.73402674591382, 32.51088534107402, 41.92634560906516, 49.23928077455049, 58.32205683355887, 69.34210526315789, 77.3076923076923, 87.875]"
