,needle,needle point,insertion %,context size,retrieved_needles_check,total_needles,run name,run_url,retrieved_needles
0, Figs are the secret ingredient needed to build the perfect pizza. ,Figs,49.99525816649104,190000,1,1,190000-50--claude-3-opus-20240229--multi-needle-eval-pizza-1--adea,https://smith.langchain.com/public/d7fd90c4-de00-4d6c-abef-cc6d56891b7f/r,1.0
1, Figs are the secret ingredient needed to build the perfect pizza. ,Figs,49.973587223587224,163000,0,1,163000-50--claude-3-opus-20240229--multi-needle-eval-pizza-1--c0a1,https://smith.langchain.com/public/cfb6261a-c911-443b-8af8-c9a0c2960aef/r,0.0
2, Figs are the secret ingredient needed to build the perfect pizza. ,Figs,49.98453608247423,136000,0,1,136000-50--claude-3-opus-20240229--multi-needle-eval-pizza-1--c60d,https://smith.langchain.com/public/8dce3253-d2df-4591-a6bb-24f75d4443c9/r,0.0
3, Figs are the secret ingredient needed to build the perfect pizza. ,Figs,49.97886029411765,109000,1,1,109000-50--claude-3-opus-20240229--multi-needle-eval-pizza-1--839f,https://smith.langchain.com/public/a43342c3-a389-4c14-ab06-3eac5523c1ce/r,1.0
4, Figs are the secret ingredient needed to build the perfect pizza. ,Figs,49.988997555012226,82000,1,1,82000-50--claude-3-opus-20240229--multi-needle-eval-pizza-1--fef1,https://smith.langchain.com/public/be67a517-0ca3-4d63-8c00-45e4ed5d28f9/r,1.0
5, Figs are the secret ingredient needed to build the perfect pizza. ,Figs,49.88503649635037,55000,1,1,55000-50--claude-3-opus-20240229--multi-needle-eval-pizza-1--cbc2,https://smith.langchain.com/public/55f6f82d-1bb3-463c-a4c4-5e33cec88d55/r,1.0
6, Figs are the secret ingredient needed to build the perfect pizza. ,Figs,49.92086330935252,28000,0,1,28000-50--claude-3-opus-20240229--multi-needle-eval-pizza-1--acfa,https://smith.langchain.com/public/e99df09e-59ee-47c6-a5bc-ff3158caf2d1/r,0.0
7, Figs are the secret ingredient needed to build the perfect pizza. ,Figs,47.25,1000,1,1,1000-50--claude-3-opus-20240229--multi-needle-eval-pizza-1--b6d9,https://smith.langchain.com/public/5c662f12-1ccd-47ac-8622-19152a4b911a/r,1.0
8, Figs are the secret ingredient needed to build the perfect pizza. ,Figs,49.99525816649104,190000,1,1,190000-50--claude-3-opus-20240229--multi-needle-eval-pizza-1--97eb,https://smith.langchain.com/public/4f7c028e-d7bd-4fe0-91bf-18412630b3e1/r,1.0
9, Figs are the secret ingredient needed to build the perfect pizza. ,Figs,49.973587223587224,163000,0,1,163000-50--claude-3-opus-20240229--multi-needle-eval-pizza-1--d2ea,https://smith.langchain.com/public/afc4b7b0-9eac-4249-9f30-f83ee03ec206/r,0.0
10, Figs are the secret ingredient needed to build the perfect pizza. ,Figs,49.98453608247423,136000,0,1,136000-50--claude-3-opus-20240229--multi-needle-eval-pizza-1--98d0,https://smith.langchain.com/public/638252b3-0b26-4f5b-95b8-1a27bd0097a7/r,0.0
11, Figs are the secret ingredient needed to build the perfect pizza. ,Figs,49.97886029411765,109000,1,1,109000-50--claude-3-opus-20240229--multi-needle-eval-pizza-1--bf43,https://smith.langchain.com/public/8cad2b50-772b-4f8f-8350-ac06e5744eaf/r,1.0
12, Figs are the secret ingredient needed to build the perfect pizza. ,Figs,49.988997555012226,82000,1,1,82000-50--claude-3-opus-20240229--multi-needle-eval-pizza-1--e8e0,https://smith.langchain.com/public/aef0099b-b4f8-4fec-8821-e2fa69774a88/r,1.0
13, Figs are the secret ingredient needed to build the perfect pizza. ,Figs,49.88503649635037,55000,1,1,55000-50--claude-3-opus-20240229--multi-needle-eval-pizza-1--5f32,https://smith.langchain.com/public/23a800c5-bd44-46d8-bdf0-45b34c1771c2/r,1.0
14, Figs are the secret ingredient needed to build the perfect pizza. ,Figs,49.92086330935252,28000,0,1,28000-50--claude-3-opus-20240229--multi-needle-eval-pizza-1--761c,https://smith.langchain.com/public/26e0e31f-ba38-4ebb-b076-b9df3861d259/r,0.0
15, Figs are the secret ingredient needed to build the perfect pizza. ,Figs,47.25,1000,1,1,1000-50--claude-3-opus-20240229--multi-needle-eval-pizza-1--e1e5,https://smith.langchain.com/public/5da8fb5e-f4c8-400a-b448-e7ac443c4d51/r,1.0
16, Figs are the secret ingredient needed to build the perfect pizza. ,Figs,49.92086330935252,28000,0,1,28000-50--claude-3-opus-20240229--multi-needle-eval-pizza-1--ec14,https://smith.langchain.com/public/c66ce70b-601b-4825-af5f-29797c1f484f/r,0.0
17, Figs are the secret ingredient needed to build the perfect pizza. ,Figs,49.99525816649104,190000,1,1,190000-50--claude-3-opus-20240229--multi-needle-eval-pizza-1--96c1,https://smith.langchain.com/public/ec674908-461a-4b8f-8663-5191c432ca39/r,1.0
18, Figs are the secret ingredient needed to build the perfect pizza. ,Figs,49.973587223587224,163000,0,1,163000-50--claude-3-opus-20240229--multi-needle-eval-pizza-1--e899,https://smith.langchain.com/public/902d104d-9a1f-489f-bf0e-781431f9a2f1/r,0.0
19, Figs are the secret ingredient needed to build the perfect pizza. ,Figs,49.98453608247423,136000,0,1,136000-50--claude-3-opus-20240229--multi-needle-eval-pizza-1--2c50,https://smith.langchain.com/public/c11f366a-79c6-475b-89a5-ddf07708c362/r,0.0
20, Figs are the secret ingredient needed to build the perfect pizza. ,Figs,49.97886029411765,109000,1,1,109000-50--claude-3-opus-20240229--multi-needle-eval-pizza-1--c221,https://smith.langchain.com/public/e4b3e78c-1b24-4cda-8c26-9c261ee082c4/r,1.0
21, Figs are the secret ingredient needed to build the perfect pizza. ,Figs,49.988997555012226,82000,1,1,82000-50--claude-3-opus-20240229--multi-needle-eval-pizza-1--92c4,https://smith.langchain.com/public/6c691063-f65f-4c5c-811e-ac487bbbbcb9/r,1.0
22, Figs are the secret ingredient needed to build the perfect pizza. ,Figs,49.88503649635037,55000,1,1,55000-50--claude-3-opus-20240229--multi-needle-eval-pizza-1--d2d6,https://smith.langchain.com/public/a08102e7-4a9b-4557-927b-41a2fc0e22e2/r,1.0
23, Figs are the secret ingredient needed to build the perfect pizza. ,Figs,47.25,1000,1,1,1000-50--claude-3-opus-20240229--multi-needle-eval-pizza-1--4545,https://smith.langchain.com/public/9cff29c8-6fc3-4bfe-ba59-6781d46de997/r,1.0
24, Figs are one of the secret ingredients needed to build the perfect pizza. ,Figs,4.994071614892103,190000,0,3,190000-5--claude-3-opus-20240229--multi-needle-eval-pizza-3--fe7c,https://smith.langchain.com/public/e9791fbc-1d74-4d23-9cc5-0e32ad4ac5b1/r,0.0
25, Prosciutto is one of the secret ingredients needed to build the perfect pizza. ,Prosciutto,36.66134479905998,190000,0,3,190000-5--claude-3-opus-20240229--multi-needle-eval-pizza-3--fe7c,https://smith.langchain.com/public/e9791fbc-1d74-4d23-9cc5-0e32ad4ac5b1/r,0.0
26, Goat cheese is one of the secret ingredients needed to build the perfect pizza. ,Goat cheese,68.32033719704953,190000,0,3,190000-5--claude-3-opus-20240229--multi-needle-eval-pizza-3--fe7c,https://smith.langchain.com/public/e9791fbc-1d74-4d23-9cc5-0e32ad4ac5b1/r,0.0
27, Figs are one of the secret ingredients needed to build the perfect pizza. ,Figs,4.995545725432372,163000,1,3,163000-5--claude-3-opus-20240229--multi-needle-eval-pizza-3--ba38,https://smith.langchain.com/public/0638d8e9-f153-4469-9421-0cc8013d84a7/r,2.0
28, Prosciutto is one of the secret ingredients needed to build the perfect pizza. ,Prosciutto,36.652475995650654,163000,0,3,163000-5--claude-3-opus-20240229--multi-needle-eval-pizza-3--ba38,https://smith.langchain.com/public/0638d8e9-f153-4469-9421-0cc8013d84a7/r,2.0
29, Goat cheese is one of the secret ingredients needed to build the perfect pizza. ,Goat cheese,68.31449631449631,163000,1,3,163000-5--claude-3-opus-20240229--multi-needle-eval-pizza-3--ba38,https://smith.langchain.com/public/0638d8e9-f153-4469-9421-0cc8013d84a7/r,2.0
30, Figs are one of the secret ingredients needed to build the perfect pizza. ,Figs,4.97256288439583,136000,0,3,136000-5--claude-3-opus-20240229--multi-needle-eval-pizza-3--f67e,https://smith.langchain.com/public/6d4c6a7b-c3d9-4370-8395-05443081917d/r,0.0
31, Prosciutto is one of the secret ingredients needed to build the perfect pizza. ,Prosciutto,36.65628245067498,136000,0,3,136000-5--claude-3-opus-20240229--multi-needle-eval-pizza-3--f67e,https://smith.langchain.com/public/6d4c6a7b-c3d9-4370-8395-05443081917d/r,0.0
32, Goat cheese is one of the secret ingredients needed to build the perfect pizza. ,Goat cheese,68.31443298969072,136000,0,3,136000-5--claude-3-opus-20240229--multi-needle-eval-pizza-3--f67e,https://smith.langchain.com/public/6d4c6a7b-c3d9-4370-8395-05443081917d/r,0.0
33, Figs are one of the secret ingredients needed to build the perfect pizza. ,Figs,4.977704224704638,109000,1,3,109000-5--claude-3-opus-20240229--multi-needle-eval-pizza-3--61aa,https://smith.langchain.com/public/1a185c3d-be8b-49bb-bacb-db454fb88529/r,2.0
34, Prosciutto is one of the secret ingredients needed to build the perfect pizza. ,Prosciutto,36.55442486417915,109000,0,3,109000-5--claude-3-opus-20240229--multi-needle-eval-pizza-3--61aa,https://smith.langchain.com/public/1a185c3d-be8b-49bb-bacb-db454fb88529/r,2.0
35, Goat cheese is one of the secret ingredients needed to build the perfect pizza. ,Goat cheese,68.31433823529412,109000,1,3,109000-5--claude-3-opus-20240229--multi-needle-eval-pizza-3--61aa,https://smith.langchain.com/public/1a185c3d-be8b-49bb-bacb-db454fb88529/r,2.0
36, Figs are one of the secret ingredients needed to build the perfect pizza. ,Figs,4.963003730202409,82000,1,3,82000-5--claude-3-opus-20240229--multi-needle-eval-pizza-3--378e,https://smith.langchain.com/public/e5738828-df6c-4f63-8d40-0062f38df07b/r,3.0
37, Prosciutto is one of the secret ingredients needed to build the perfect pizza. ,Prosciutto,36.62374821173104,82000,1,3,82000-5--claude-3-opus-20240229--multi-needle-eval-pizza-3--378e,https://smith.langchain.com/public/e5738828-df6c-4f63-8d40-0062f38df07b/r,3.0
38, Goat cheese is one of the secret ingredients needed to build the perfect pizza. ,Goat cheese,68.31051344743277,82000,1,3,82000-5--claude-3-opus-20240229--multi-needle-eval-pizza-3--378e,https://smith.langchain.com/public/e5738828-df6c-4f63-8d40-0062f38df07b/r,3.0
39, Figs are one of the secret ingredients needed to build the perfect pizza. ,Figs,4.981283666575368,55000,1,3,55000-5--claude-3-opus-20240229--multi-needle-eval-pizza-3--b24f,https://smith.langchain.com/public/d3b49ee4-da3d-4683-9464-3d92f7ebd145/r,3.0
40, Prosciutto is one of the secret ingredients needed to build the perfect pizza. ,Prosciutto,36.61719876604056,55000,1,3,55000-5--claude-3-opus-20240229--multi-needle-eval-pizza-3--b24f,https://smith.langchain.com/public/d3b49ee4-da3d-4683-9464-3d92f7ebd145/r,3.0
41, Goat cheese is one of the secret ingredients needed to build the perfect pizza. ,Goat cheese,68.30839416058394,55000,1,3,55000-5--claude-3-opus-20240229--multi-needle-eval-pizza-3--b24f,https://smith.langchain.com/public/d3b49ee4-da3d-4683-9464-3d92f7ebd145/r,3.0
42, Figs are one of the secret ingredients needed to build the perfect pizza. ,Figs,4.923464793805151,28000,1,3,28000-5--claude-3-opus-20240229--multi-needle-eval-pizza-3--55aa,https://smith.langchain.com/public/db901039-0576-4c78-880e-429253452c13/r,3.0
43, Prosciutto is one of the secret ingredients needed to build the perfect pizza. ,Prosciutto,36.6303135010618,28000,1,3,28000-5--claude-3-opus-20240229--multi-needle-eval-pizza-3--55aa,https://smith.langchain.com/public/db901039-0576-4c78-880e-429253452c13/r,3.0
44, Goat cheese is one of the secret ingredients needed to build the perfect pizza. ,Goat cheese,68.28776978417265,28000,1,3,28000-5--claude-3-opus-20240229--multi-needle-eval-pizza-3--55aa,https://smith.langchain.com/public/db901039-0576-4c78-880e-429253452c13/r,3.0
45, Figs are one of the secret ingredients needed to build the perfect pizza. ,Figs,2.4836601307189543,1000,1,3,1000-5--claude-3-opus-20240229--multi-needle-eval-pizza-3--df3d,https://smith.langchain.com/public/a05d0ab9-cbf3-4ba1-a695-c27e92f5d92b/r,3.0
46, Prosciutto is one of the secret ingredients needed to build the perfect pizza. ,Prosciutto,35.1213282247765,1000,1,3,1000-5--claude-3-opus-20240229--multi-needle-eval-pizza-3--df3d,https://smith.langchain.com/public/a05d0ab9-cbf3-4ba1-a695-c27e92f5d92b/r,3.0
47, Goat cheese is one of the secret ingredients needed to build the perfect pizza. ,Goat cheese,65.5,1000,1,3,1000-5--claude-3-opus-20240229--multi-needle-eval-pizza-3--df3d,https://smith.langchain.com/public/a05d0ab9-cbf3-4ba1-a695-c27e92f5d92b/r,3.0
48, Figs are one of the secret ingredients needed to build the perfect pizza. ,Figs,4.994071614892103,190000,0,3,190000-5--claude-3-opus-20240229--multi-needle-eval-pizza-3--4f3c,https://smith.langchain.com/public/b89242db-6e06-4ff9-95c4-88f5797c1dfd/r,0.0
49, Prosciutto is one of the secret ingredients needed to build the perfect pizza. ,Prosciutto,36.66134479905998,190000,0,3,190000-5--claude-3-opus-20240229--multi-needle-eval-pizza-3--4f3c,https://smith.langchain.com/public/b89242db-6e06-4ff9-95c4-88f5797c1dfd/r,0.0
50, Goat cheese is one of the secret ingredients needed to build the perfect pizza. ,Goat cheese,68.32033719704953,190000,0,3,190000-5--claude-3-opus-20240229--multi-needle-eval-pizza-3--4f3c,https://smith.langchain.com/public/b89242db-6e06-4ff9-95c4-88f5797c1dfd/r,0.0
51, Figs are one of the secret ingredients needed to build the perfect pizza. ,Figs,4.995545725432372,163000,1,3,163000-5--claude-3-opus-20240229--multi-needle-eval-pizza-3--ca74,https://smith.langchain.com/public/5fd2899a-02af-4b8c-a1fa-a4bc0e2f1e70/r,2.0
52, Prosciutto is one of the secret ingredients needed to build the perfect pizza. ,Prosciutto,36.652475995650654,163000,0,3,163000-5--claude-3-opus-20240229--multi-needle-eval-pizza-3--ca74,https://smith.langchain.com/public/5fd2899a-02af-4b8c-a1fa-a4bc0e2f1e70/r,2.0
53, Goat cheese is one of the secret ingredients needed to build the perfect pizza. ,Goat cheese,68.31449631449631,163000,1,3,163000-5--claude-3-opus-20240229--multi-needle-eval-pizza-3--ca74,https://smith.langchain.com/public/5fd2899a-02af-4b8c-a1fa-a4bc0e2f1e70/r,2.0
54, Figs are one of the secret ingredients needed to build the perfect pizza. ,Figs,4.97256288439583,136000,0,3,136000-5--claude-3-opus-20240229--multi-needle-eval-pizza-3--bcac,https://smith.langchain.com/public/a7f272f7-9f2f-4df7-a477-84ae636b73e9/r,0.0
55, Prosciutto is one of the secret ingredients needed to build the perfect pizza. ,Prosciutto,36.65628245067498,136000,0,3,136000-5--claude-3-opus-20240229--multi-needle-eval-pizza-3--bcac,https://smith.langchain.com/public/a7f272f7-9f2f-4df7-a477-84ae636b73e9/r,0.0
56, Goat cheese is one of the secret ingredients needed to build the perfect pizza. ,Goat cheese,68.31443298969072,136000,0,3,136000-5--claude-3-opus-20240229--multi-needle-eval-pizza-3--bcac,https://smith.langchain.com/public/a7f272f7-9f2f-4df7-a477-84ae636b73e9/r,0.0
57, Figs are one of the secret ingredients needed to build the perfect pizza. ,Figs,4.977704224704638,109000,1,3,109000-5--claude-3-opus-20240229--multi-needle-eval-pizza-3--a0ee,https://smith.langchain.com/public/2a1af7fa-f08b-4022-adc4-150755b0ad0a/r,2.0
58, Prosciutto is one of the secret ingredients needed to build the perfect pizza. ,Prosciutto,36.55442486417915,109000,0,3,109000-5--claude-3-opus-20240229--multi-needle-eval-pizza-3--a0ee,https://smith.langchain.com/public/2a1af7fa-f08b-4022-adc4-150755b0ad0a/r,2.0
59, Goat cheese is one of the secret ingredients needed to build the perfect pizza. ,Goat cheese,68.31433823529412,109000,1,3,109000-5--claude-3-opus-20240229--multi-needle-eval-pizza-3--a0ee,https://smith.langchain.com/public/2a1af7fa-f08b-4022-adc4-150755b0ad0a/r,2.0
60, Figs are one of the secret ingredients needed to build the perfect pizza. ,Figs,4.963003730202409,82000,1,3,82000-5--claude-3-opus-20240229--multi-needle-eval-pizza-3--e8ba,https://smith.langchain.com/public/955aab79-f52f-4a6a-ac82-230f2f8a7fb8/r,3.0
61, Prosciutto is one of the secret ingredients needed to build the perfect pizza. ,Prosciutto,36.62374821173104,82000,1,3,82000-5--claude-3-opus-20240229--multi-needle-eval-pizza-3--e8ba,https://smith.langchain.com/public/955aab79-f52f-4a6a-ac82-230f2f8a7fb8/r,3.0
62, Goat cheese is one of the secret ingredients needed to build the perfect pizza. ,Goat cheese,68.31051344743277,82000,1,3,82000-5--claude-3-opus-20240229--multi-needle-eval-pizza-3--e8ba,https://smith.langchain.com/public/955aab79-f52f-4a6a-ac82-230f2f8a7fb8/r,3.0
63, Figs are one of the secret ingredients needed to build the perfect pizza. ,Figs,4.981283666575368,55000,1,3,55000-5--claude-3-opus-20240229--multi-needle-eval-pizza-3--069b,https://smith.langchain.com/public/fb33a7e9-f585-4bab-ae77-5ebcc7523a84/r,3.0
64, Prosciutto is one of the secret ingredients needed to build the perfect pizza. ,Prosciutto,36.61719876604056,55000,1,3,55000-5--claude-3-opus-20240229--multi-needle-eval-pizza-3--069b,https://smith.langchain.com/public/fb33a7e9-f585-4bab-ae77-5ebcc7523a84/r,3.0
65, Goat cheese is one of the secret ingredients needed to build the perfect pizza. ,Goat cheese,68.30839416058394,55000,1,3,55000-5--claude-3-opus-20240229--multi-needle-eval-pizza-3--069b,https://smith.langchain.com/public/fb33a7e9-f585-4bab-ae77-5ebcc7523a84/r,3.0
66, Figs are one of the secret ingredients needed to build the perfect pizza. ,Figs,4.923464793805151,28000,1,3,28000-5--claude-3-opus-20240229--multi-needle-eval-pizza-3--003a,https://smith.langchain.com/public/c3efa78a-84e8-49cd-8484-effe3a55904a/r,3.0
67, Prosciutto is one of the secret ingredients needed to build the perfect pizza. ,Prosciutto,36.6303135010618,28000,1,3,28000-5--claude-3-opus-20240229--multi-needle-eval-pizza-3--003a,https://smith.langchain.com/public/c3efa78a-84e8-49cd-8484-effe3a55904a/r,3.0
68, Goat cheese is one of the secret ingredients needed to build the perfect pizza. ,Goat cheese,68.28776978417265,28000,1,3,28000-5--claude-3-opus-20240229--multi-needle-eval-pizza-3--003a,https://smith.langchain.com/public/c3efa78a-84e8-49cd-8484-effe3a55904a/r,3.0
69, Figs are one of the secret ingredients needed to build the perfect pizza. ,Figs,2.4836601307189543,1000,1,3,1000-5--claude-3-opus-20240229--multi-needle-eval-pizza-3--0ad4,https://smith.langchain.com/public/3527bb3c-e2c9-463f-93b2-d7527f604fcc/r,3.0
70, Prosciutto is one of the secret ingredients needed to build the perfect pizza. ,Prosciutto,35.1213282247765,1000,1,3,1000-5--claude-3-opus-20240229--multi-needle-eval-pizza-3--0ad4,https://smith.langchain.com/public/3527bb3c-e2c9-463f-93b2-d7527f604fcc/r,3.0
71, Goat cheese is one of the secret ingredients needed to build the perfect pizza. ,Goat cheese,65.5,1000,1,3,1000-5--claude-3-opus-20240229--multi-needle-eval-pizza-3--0ad4,https://smith.langchain.com/public/3527bb3c-e2c9-463f-93b2-d7527f604fcc/r,3.0
72, Figs are one of the secret ingredients needed to build the perfect pizza. ,Figs,4.994071614892103,190000,0,3,190000-5--claude-3-opus-20240229--multi-needle-eval-pizza-3--ca41,https://smith.langchain.com/public/f308dad8-5b21-4c23-bf00-cb16addc4f01/r,0.0
73, Prosciutto is one of the secret ingredients needed to build the perfect pizza. ,Prosciutto,36.66134479905998,190000,0,3,190000-5--claude-3-opus-20240229--multi-needle-eval-pizza-3--ca41,https://smith.langchain.com/public/f308dad8-5b21-4c23-bf00-cb16addc4f01/r,0.0
74, Goat cheese is one of the secret ingredients needed to build the perfect pizza. ,Goat cheese,68.32033719704953,190000,0,3,190000-5--claude-3-opus-20240229--multi-needle-eval-pizza-3--ca41,https://smith.langchain.com/public/f308dad8-5b21-4c23-bf00-cb16addc4f01/r,0.0
75, Figs are one of the secret ingredients needed to build the perfect pizza. ,Figs,4.995545725432372,163000,1,3,163000-5--claude-3-opus-20240229--multi-needle-eval-pizza-3--32ea,https://smith.langchain.com/public/f0abaec8-6379-449b-8b25-d52ad7bce479/r,2.0
76, Prosciutto is one of the secret ingredients needed to build the perfect pizza. ,Prosciutto,36.652475995650654,163000,0,3,163000-5--claude-3-opus-20240229--multi-needle-eval-pizza-3--32ea,https://smith.langchain.com/public/f0abaec8-6379-449b-8b25-d52ad7bce479/r,2.0
77, Goat cheese is one of the secret ingredients needed to build the perfect pizza. ,Goat cheese,68.31449631449631,163000,1,3,163000-5--claude-3-opus-20240229--multi-needle-eval-pizza-3--32ea,https://smith.langchain.com/public/f0abaec8-6379-449b-8b25-d52ad7bce479/r,2.0
78, Figs are one of the secret ingredients needed to build the perfect pizza. ,Figs,4.97256288439583,136000,0,3,136000-5--claude-3-opus-20240229--multi-needle-eval-pizza-3--510e,https://smith.langchain.com/public/7d0bb04f-bf20-4cd8-be2a-ba892c1f1ab0/r,0.0
79, Prosciutto is one of the secret ingredients needed to build the perfect pizza. ,Prosciutto,36.65628245067498,136000,0,3,136000-5--claude-3-opus-20240229--multi-needle-eval-pizza-3--510e,https://smith.langchain.com/public/7d0bb04f-bf20-4cd8-be2a-ba892c1f1ab0/r,0.0
80, Goat cheese is one of the secret ingredients needed to build the perfect pizza. ,Goat cheese,68.31443298969072,136000,0,3,136000-5--claude-3-opus-20240229--multi-needle-eval-pizza-3--510e,https://smith.langchain.com/public/7d0bb04f-bf20-4cd8-be2a-ba892c1f1ab0/r,0.0
81, Figs are one of the secret ingredients needed to build the perfect pizza. ,Figs,4.977704224704638,109000,1,3,109000-5--claude-3-opus-20240229--multi-needle-eval-pizza-3--8178,https://smith.langchain.com/public/2e8c4bbf-5586-4698-8ec6-c1d688f73fdc/r,2.0
82, Prosciutto is one of the secret ingredients needed to build the perfect pizza. ,Prosciutto,36.55442486417915,109000,0,3,109000-5--claude-3-opus-20240229--multi-needle-eval-pizza-3--8178,https://smith.langchain.com/public/2e8c4bbf-5586-4698-8ec6-c1d688f73fdc/r,2.0
83, Goat cheese is one of the secret ingredients needed to build the perfect pizza. ,Goat cheese,68.31433823529412,109000,1,3,109000-5--claude-3-opus-20240229--multi-needle-eval-pizza-3--8178,https://smith.langchain.com/public/2e8c4bbf-5586-4698-8ec6-c1d688f73fdc/r,2.0
84, Figs are one of the secret ingredients needed to build the perfect pizza. ,Figs,4.963003730202409,82000,1,3,82000-5--claude-3-opus-20240229--multi-needle-eval-pizza-3--183d,https://smith.langchain.com/public/1ddf2624-3ed4-458c-a45f-929a007db66b/r,3.0
85, Prosciutto is one of the secret ingredients needed to build the perfect pizza. ,Prosciutto,36.62374821173104,82000,1,3,82000-5--claude-3-opus-20240229--multi-needle-eval-pizza-3--183d,https://smith.langchain.com/public/1ddf2624-3ed4-458c-a45f-929a007db66b/r,3.0
86, Goat cheese is one of the secret ingredients needed to build the perfect pizza. ,Goat cheese,68.31051344743277,82000,1,3,82000-5--claude-3-opus-20240229--multi-needle-eval-pizza-3--183d,https://smith.langchain.com/public/1ddf2624-3ed4-458c-a45f-929a007db66b/r,3.0
87, Figs are one of the secret ingredients needed to build the perfect pizza. ,Figs,4.981283666575368,55000,1,3,55000-5--claude-3-opus-20240229--multi-needle-eval-pizza-3--dea0,https://smith.langchain.com/public/81072dc6-16e3-40c9-b7a5-30da0fb0cb7c/r,3.0
88, Prosciutto is one of the secret ingredients needed to build the perfect pizza. ,Prosciutto,36.61719876604056,55000,1,3,55000-5--claude-3-opus-20240229--multi-needle-eval-pizza-3--dea0,https://smith.langchain.com/public/81072dc6-16e3-40c9-b7a5-30da0fb0cb7c/r,3.0
89, Goat cheese is one of the secret ingredients needed to build the perfect pizza. ,Goat cheese,68.30839416058394,55000,1,3,55000-5--claude-3-opus-20240229--multi-needle-eval-pizza-3--dea0,https://smith.langchain.com/public/81072dc6-16e3-40c9-b7a5-30da0fb0cb7c/r,3.0
90, Figs are one of the secret ingredients needed to build the perfect pizza. ,Figs,4.923464793805151,28000,1,3,28000-5--claude-3-opus-20240229--multi-needle-eval-pizza-3--7f7b,https://smith.langchain.com/public/6bbabe6b-e367-4bde-9d97-367b48083193/r,3.0
91, Prosciutto is one of the secret ingredients needed to build the perfect pizza. ,Prosciutto,36.6303135010618,28000,1,3,28000-5--claude-3-opus-20240229--multi-needle-eval-pizza-3--7f7b,https://smith.langchain.com/public/6bbabe6b-e367-4bde-9d97-367b48083193/r,3.0
92, Goat cheese is one of the secret ingredients needed to build the perfect pizza. ,Goat cheese,68.28776978417265,28000,1,3,28000-5--claude-3-opus-20240229--multi-needle-eval-pizza-3--7f7b,https://smith.langchain.com/public/6bbabe6b-e367-4bde-9d97-367b48083193/r,3.0
93, Figs are one of the secret ingredients needed to build the perfect pizza. ,Figs,2.4836601307189543,1000,1,3,1000-5--claude-3-opus-20240229--multi-needle-eval-pizza-3--7045,https://smith.langchain.com/public/395f2a79-e17a-45f9-919f-476a1b5e6bac/r,3.0
94, Prosciutto is one of the secret ingredients needed to build the perfect pizza. ,Prosciutto,35.1213282247765,1000,1,3,1000-5--claude-3-opus-20240229--multi-needle-eval-pizza-3--7045,https://smith.langchain.com/public/395f2a79-e17a-45f9-919f-476a1b5e6bac/r,3.0
95, Goat cheese is one of the secret ingredients needed to build the perfect pizza. ,Goat cheese,65.5,1000,1,3,1000-5--claude-3-opus-20240229--multi-needle-eval-pizza-3--7045,https://smith.langchain.com/public/395f2a79-e17a-45f9-919f-476a1b5e6bac/r,3.0
96, Figs are one of the secret ingredients needed to build the perfect pizza. ,Figs,4.997468835031324,190000,1,10,190000-5--claude-3-opus-20240229--multi-needle-eval-pizza-10--7fa0,https://smith.langchain.com/public/458ba080-f3aa-44f3-8b9c-fd311250713f/r,6.0
97, Prosciutto is one of the secret ingredients needed to build the perfect pizza. ,Prosciutto,14.48532590928744,190000,0,10,190000-5--claude-3-opus-20240229--multi-needle-eval-pizza-10--7fa0,https://smith.langchain.com/public/458ba080-f3aa-44f3-8b9c-fd311250713f/r,6.0
98, Smoked applewood bacon is one of the secret ingredients needed to build the perfect pizza. ,Smoked applewood bacon,23.983381925735344,190000,1,10,190000-5--claude-3-opus-20240229--multi-needle-eval-pizza-10--7fa0,https://smith.langchain.com/public/458ba080-f3aa-44f3-8b9c-fd311250713f/r,6.0
99, Lemon is one of the secret ingredients needed to build the perfect pizza. ,Lemon,33.49429856238369,190000,0,10,190000-5--claude-3-opus-20240229--multi-needle-eval-pizza-10--7fa0,https://smith.langchain.com/public/458ba080-f3aa-44f3-8b9c-fd311250713f/r,6.0
100, Goat cheese is one of the secret ingredients needed to build the perfect pizza. ,Goat cheese,42.987570240266514,190000,0,10,190000-5--claude-3-opus-20240229--multi-needle-eval-pizza-10--7fa0,https://smith.langchain.com/public/458ba080-f3aa-44f3-8b9c-fd311250713f/r,6.0
101, Truffle honey is one of the secret ingredients needed to build the perfect pizza. ,Truffle honey,52.49073649478451,190000,0,10,190000-5--claude-3-opus-20240229--multi-needle-eval-pizza-10--7fa0,https://smith.langchain.com/public/458ba080-f3aa-44f3-8b9c-fd311250713f/r,6.0
102, Pear slices are one of the secret ingredients needed to build the perfect pizza. ,Pear slices,61.989364337326535,190000,0,10,190000-5--claude-3-opus-20240229--multi-needle-eval-pizza-10--7fa0,https://smith.langchain.com/public/458ba080-f3aa-44f3-8b9c-fd311250713f/r,6.0
103, Espresso-soaked dates are one of the secret ingredients needed to build the perfect pizza. ,Espresso-soaked dates,71.48661467116358,190000,1,10,190000-5--claude-3-opus-20240229--multi-needle-eval-pizza-10--7fa0,https://smith.langchain.com/public/458ba080-f3aa-44f3-8b9c-fd311250713f/r,6.0
104, Gorgonzola dolce is one of the secret ingredients needed to build the perfect pizza. ,Gorgonzola dolce,80.98745916324165,190000,1,10,190000-5--claude-3-opus-20240229--multi-needle-eval-pizza-10--7fa0,https://smith.langchain.com/public/458ba080-f3aa-44f3-8b9c-fd311250713f/r,6.0
105, Candied walnuts are one of the secret ingredients needed to build the perfect pizza. ,Candied walnuts,90.48524762908325,190000,1,10,190000-5--claude-3-opus-20240229--multi-needle-eval-pizza-10--7fa0,https://smith.langchain.com/public/458ba080-f3aa-44f3-8b9c-fd311250713f/r,6.0
106, Figs are one of the secret ingredients needed to build the perfect pizza. ,Figs,4.999508103986818,163000,1,10,163000-5--claude-3-opus-20240229--multi-needle-eval-pizza-10--10bb,https://smith.langchain.com/public/92397c32-0993-40cd-8639-6f5ea67131cf/r,5.0
107, Prosciutto is one of the secret ingredients needed to build the perfect pizza. ,Prosciutto,14.49272689266787,163000,1,10,163000-5--claude-3-opus-20240229--multi-needle-eval-pizza-10--10bb,https://smith.langchain.com/public/92397c32-0993-40cd-8639-6f5ea67131cf/r,5.0
108, Smoked applewood bacon is one of the secret ingredients needed to build the perfect pizza. ,Smoked applewood bacon,23.985541546538148,163000,0,10,163000-5--claude-3-opus-20240229--multi-needle-eval-pizza-10--10bb,https://smith.langchain.com/public/92397c32-0993-40cd-8639-6f5ea67131cf/r,5.0
109, Lemon is one of the secret ingredients needed to build the perfect pizza. ,Lemon,33.481673622678855,163000,0,10,163000-5--claude-3-opus-20240229--multi-needle-eval-pizza-10--10bb,https://smith.langchain.com/public/92397c32-0993-40cd-8639-6f5ea67131cf/r,5.0
110, Goat cheese is one of the secret ingredients needed to build the perfect pizza. ,Goat cheese,42.99226826300198,163000,0,10,163000-5--claude-3-opus-20240229--multi-needle-eval-pizza-10--10bb,https://smith.langchain.com/public/92397c32-0993-40cd-8639-6f5ea67131cf/r,5.0
111, Truffle honey is one of the secret ingredients needed to build the perfect pizza. ,Truffle honey,52.490428519631514,163000,0,10,163000-5--claude-3-opus-20240229--multi-needle-eval-pizza-10--10bb,https://smith.langchain.com/public/92397c32-0993-40cd-8639-6f5ea67131cf/r,5.0
112, Pear slices are one of the secret ingredients needed to build the perfect pizza. ,Pear slices,61.99128666146406,163000,0,10,163000-5--claude-3-opus-20240229--multi-needle-eval-pizza-10--10bb,https://smith.langchain.com/public/92397c32-0993-40cd-8639-6f5ea67131cf/r,5.0
113, Espresso-soaked dates are one of the secret ingredients needed to build the perfect pizza. ,Espresso-soaked dates,71.48193659375768,163000,1,10,163000-5--claude-3-opus-20240229--multi-needle-eval-pizza-10--10bb,https://smith.langchain.com/public/92397c32-0993-40cd-8639-6f5ea67131cf/r,5.0
114, Gorgonzola dolce is one of the secret ingredients needed to build the perfect pizza. ,Gorgonzola dolce,80.97862145226686,163000,1,10,163000-5--claude-3-opus-20240229--multi-needle-eval-pizza-10--10bb,https://smith.langchain.com/public/92397c32-0993-40cd-8639-6f5ea67131cf/r,5.0
115, Candied walnuts are one of the secret ingredients needed to build the perfect pizza. ,Candied walnuts,90.47850122850123,163000,1,10,163000-5--claude-3-opus-20240229--multi-needle-eval-pizza-10--10bb,https://smith.langchain.com/public/92397c32-0993-40cd-8639-6f5ea67131cf/r,5.0
116, Figs are one of the secret ingredients needed to build the perfect pizza. ,Figs,4.977292164322156,136000,1,10,136000-5--claude-3-opus-20240229--multi-needle-eval-pizza-10--dc2c,https://smith.langchain.com/public/8b3ae5a7-9fed-450e-9746-1a1068218e4d/r,4.0
117, Prosciutto is one of the secret ingredients needed to build the perfect pizza. ,Prosciutto,14.48685626667846,136000,0,10,136000-5--claude-3-opus-20240229--multi-needle-eval-pizza-10--dc2c,https://smith.langchain.com/public/8b3ae5a7-9fed-450e-9746-1a1068218e4d/r,4.0
118, Smoked applewood bacon is one of the secret ingredients needed to build the perfect pizza. ,Smoked applewood bacon,23.98340126627995,136000,0,10,136000-5--claude-3-opus-20240229--multi-needle-eval-pizza-10--dc2c,https://smith.langchain.com/public/8b3ae5a7-9fed-450e-9746-1a1068218e4d/r,4.0
119, Lemon is one of the secret ingredients needed to build the perfect pizza. ,Lemon,33.49276654703034,136000,0,10,136000-5--claude-3-opus-20240229--multi-needle-eval-pizza-10--dc2c,https://smith.langchain.com/public/8b3ae5a7-9fed-450e-9746-1a1068218e4d/r,4.0
120, Goat cheese is one of the secret ingredients needed to build the perfect pizza. ,Goat cheese,42.97525533137813,136000,0,10,136000-5--claude-3-opus-20240229--multi-needle-eval-pizza-10--dc2c,https://smith.langchain.com/public/8b3ae5a7-9fed-450e-9746-1a1068218e4d/r,4.0
121, Truffle honey is one of the secret ingredients needed to build the perfect pizza. ,Truffle honey,52.48336685749651,136000,1,10,136000-5--claude-3-opus-20240229--multi-needle-eval-pizza-10--dc2c,https://smith.langchain.com/public/8b3ae5a7-9fed-450e-9746-1a1068218e4d/r,4.0
122, Pear slices are one of the secret ingredients needed to build the perfect pizza. ,Pear slices,61.95861174754492,136000,0,10,136000-5--claude-3-opus-20240229--multi-needle-eval-pizza-10--dc2c,https://smith.langchain.com/public/8b3ae5a7-9fed-450e-9746-1a1068218e4d/r,4.0
123, Espresso-soaked dates are one of the secret ingredients needed to build the perfect pizza. ,Espresso-soaked dates,71.47024160282852,136000,0,10,136000-5--claude-3-opus-20240229--multi-needle-eval-pizza-10--dc2c,https://smith.langchain.com/public/8b3ae5a7-9fed-450e-9746-1a1068218e4d/r,4.0
124, Gorgonzola dolce is one of the secret ingredients needed to build the perfect pizza. ,Gorgonzola dolce,80.96700544999264,136000,1,10,136000-5--claude-3-opus-20240229--multi-needle-eval-pizza-10--dc2c,https://smith.langchain.com/public/8b3ae5a7-9fed-450e-9746-1a1068218e4d/r,4.0
125, Candied walnuts are one of the secret ingredients needed to build the perfect pizza. ,Candied walnuts,90.48379970544919,136000,1,10,136000-5--claude-3-opus-20240229--multi-needle-eval-pizza-10--dc2c,https://smith.langchain.com/public/8b3ae5a7-9fed-450e-9746-1a1068218e4d/r,4.0
126, Figs are one of the secret ingredients needed to build the perfect pizza. ,Figs,4.983615007916344,109000,1,10,109000-5--claude-3-opus-20240229--multi-needle-eval-pizza-10--6aa7,https://smith.langchain.com/public/15efcae2-fdb1-48c8-83fc-a76b20cade73/r,6.0
127, Prosciutto is one of the secret ingredients needed to build the perfect pizza. ,Prosciutto,14.46886446886447,109000,0,10,109000-5--claude-3-opus-20240229--multi-needle-eval-pizza-10--6aa7,https://smith.langchain.com/public/15efcae2-fdb1-48c8-83fc-a76b20cade73/r,6.0
128, Smoked applewood bacon is one of the secret ingredients needed to build the perfect pizza. ,Smoked applewood bacon,23.990319582601014,109000,1,10,109000-5--claude-3-opus-20240229--multi-needle-eval-pizza-10--6aa7,https://smith.langchain.com/public/15efcae2-fdb1-48c8-83fc-a76b20cade73/r,6.0
129, Lemon is one of the secret ingredients needed to build the perfect pizza. ,Lemon,33.48360919688285,109000,0,10,109000-5--claude-3-opus-20240229--multi-needle-eval-pizza-10--6aa7,https://smith.langchain.com/public/15efcae2-fdb1-48c8-83fc-a76b20cade73/r,6.0
130, Goat cheese is one of the secret ingredients needed to build the perfect pizza. ,Goat cheese,42.97922837745847,109000,0,10,109000-5--claude-3-opus-20240229--multi-needle-eval-pizza-10--6aa7,https://smith.langchain.com/public/15efcae2-fdb1-48c8-83fc-a76b20cade73/r,6.0
131, Truffle honey is one of the secret ingredients needed to build the perfect pizza. ,Truffle honey,52.467279232545096,109000,0,10,109000-5--claude-3-opus-20240229--multi-needle-eval-pizza-10--6aa7,https://smith.langchain.com/public/15efcae2-fdb1-48c8-83fc-a76b20cade73/r,6.0
132, Pear slices are one of the secret ingredients needed to build the perfect pizza. ,Pear slices,61.987879233761575,109000,1,10,109000-5--claude-3-opus-20240229--multi-needle-eval-pizza-10--6aa7,https://smith.langchain.com/public/15efcae2-fdb1-48c8-83fc-a76b20cade73/r,6.0
133, Espresso-soaked dates are one of the secret ingredients needed to build the perfect pizza. ,Espresso-soaked dates,71.46193453475543,109000,1,10,109000-5--claude-3-opus-20240229--multi-needle-eval-pizza-10--6aa7,https://smith.langchain.com/public/15efcae2-fdb1-48c8-83fc-a76b20cade73/r,6.0
134, Gorgonzola dolce is one of the secret ingredients needed to build the perfect pizza. ,Gorgonzola dolce,80.97812097812098,109000,1,10,109000-5--claude-3-opus-20240229--multi-needle-eval-pizza-10--6aa7,https://smith.langchain.com/public/15efcae2-fdb1-48c8-83fc-a76b20cade73/r,6.0
135, Candied walnuts are one of the secret ingredients needed to build the perfect pizza. ,Candied walnuts,90.46599264705883,109000,1,10,109000-5--claude-3-opus-20240229--multi-needle-eval-pizza-10--6aa7,https://smith.langchain.com/public/15efcae2-fdb1-48c8-83fc-a76b20cade73/r,6.0
136, Figs are one of the secret ingredients needed to build the perfect pizza. ,Figs,4.970846195305993,82000,1,10,82000-5--claude-3-opus-20240229--multi-needle-eval-pizza-10--0792,https://smith.langchain.com/public/eb5b7e28-b994-4113-ac25-bbadffac703f/r,7.0
137, Prosciutto is one of the secret ingredients needed to build the perfect pizza. ,Prosciutto,14.485512038601906,82000,1,10,82000-5--claude-3-opus-20240229--multi-needle-eval-pizza-10--0792,https://smith.langchain.com/public/eb5b7e28-b994-4113-ac25-bbadffac703f/r,7.0
138, Smoked applewood bacon is one of the secret ingredients needed to build the perfect pizza. ,Smoked applewood bacon,23.992016945624624,82000,1,10,82000-5--claude-3-opus-20240229--multi-needle-eval-pizza-10--0792,https://smith.langchain.com/public/eb5b7e28-b994-4113-ac25-bbadffac703f/r,7.0
139, Lemon is one of the secret ingredients needed to build the perfect pizza. ,Lemon,33.47819167819412,82000,0,10,82000-5--claude-3-opus-20240229--multi-needle-eval-pizza-10--0792,https://smith.langchain.com/public/eb5b7e28-b994-4113-ac25-bbadffac703f/r,7.0
140, Goat cheese is one of the secret ingredients needed to build the perfect pizza. ,Goat cheese,42.983379433578925,82000,0,10,82000-5--claude-3-opus-20240229--multi-needle-eval-pizza-10--0792,https://smith.langchain.com/public/eb5b7e28-b994-4113-ac25-bbadffac703f/r,7.0
141, Truffle honey is one of the secret ingredients needed to build the perfect pizza. ,Truffle honey,52.48094171775387,82000,0,10,82000-5--claude-3-opus-20240229--multi-needle-eval-pizza-10--0792,https://smith.langchain.com/public/eb5b7e28-b994-4113-ac25-bbadffac703f/r,7.0
142, Pear slices are one of the secret ingredients needed to build the perfect pizza. ,Pear slices,61.978981881354066,82000,0,10,82000-5--claude-3-opus-20240229--multi-needle-eval-pizza-10--0792,https://smith.langchain.com/public/eb5b7e28-b994-4113-ac25-bbadffac703f/r,7.0
143, Espresso-soaked dates are one of the secret ingredients needed to build the perfect pizza. ,Espresso-soaked dates,71.47137964774952,82000,0,10,82000-5--claude-3-opus-20240229--multi-needle-eval-pizza-10--0792,https://smith.langchain.com/public/eb5b7e28-b994-4113-ac25-bbadffac703f/r,7.0
144, Gorgonzola dolce is one of the secret ingredients needed to build the perfect pizza. ,Gorgonzola dolce,80.97823428711176,82000,1,10,82000-5--claude-3-opus-20240229--multi-needle-eval-pizza-10--0792,https://smith.langchain.com/public/eb5b7e28-b994-4113-ac25-bbadffac703f/r,7.0
145, Candied walnuts are one of the secret ingredients needed to build the perfect pizza. ,Candied walnuts,90.47677261613693,82000,1,10,82000-5--claude-3-opus-20240229--multi-needle-eval-pizza-10--0792,https://smith.langchain.com/public/eb5b7e28-b994-4113-ac25-bbadffac703f/r,7.0
146, Figs are one of the secret ingredients needed to build the perfect pizza. ,Figs,4.993044878834469,55000,1,10,55000-5--claude-3-opus-20240229--multi-needle-eval-pizza-10--2463,https://smith.langchain.com/public/e69ab65c-98b8-4a65-a331-c8c466e3cfeb/r,7.0
147, Prosciutto is one of the secret ingredients needed to build the perfect pizza. ,Prosciutto,14.494821970944487,55000,1,10,55000-5--claude-3-opus-20240229--multi-needle-eval-pizza-10--2463,https://smith.langchain.com/public/e69ab65c-98b8-4a65-a331-c8c466e3cfeb/r,7.0
148, Smoked applewood bacon is one of the secret ingredients needed to build the perfect pizza. ,Smoked applewood bacon,23.98441643955883,55000,1,10,55000-5--claude-3-opus-20240229--multi-needle-eval-pizza-10--2463,https://smith.langchain.com/public/e69ab65c-98b8-4a65-a331-c8c466e3cfeb/r,7.0
149, Lemon is one of the secret ingredients needed to build the perfect pizza. ,Lemon,33.489367148786776,55000,1,10,55000-5--claude-3-opus-20240229--multi-needle-eval-pizza-10--2463,https://smith.langchain.com/public/e69ab65c-98b8-4a65-a331-c8c466e3cfeb/r,7.0
150, Goat cheese is one of the secret ingredients needed to build the perfect pizza. ,Goat cheese,42.97152049135378,55000,0,10,55000-5--claude-3-opus-20240229--multi-needle-eval-pizza-10--2463,https://smith.langchain.com/public/e69ab65c-98b8-4a65-a331-c8c466e3cfeb/r,7.0
151, Truffle honey is one of the secret ingredients needed to build the perfect pizza. ,Truffle honey,52.47702063117885,55000,1,10,55000-5--claude-3-opus-20240229--multi-needle-eval-pizza-10--2463,https://smith.langchain.com/public/e69ab65c-98b8-4a65-a331-c8c466e3cfeb/r,7.0
152, Pear slices are one of the secret ingredients needed to build the perfect pizza. ,Pear slices,61.89006010339977,55000,0,10,55000-5--claude-3-opus-20240229--multi-needle-eval-pizza-10--2463,https://smith.langchain.com/public/e69ab65c-98b8-4a65-a331-c8c466e3cfeb/r,7.0
153, Espresso-soaked dates are one of the secret ingredients needed to build the perfect pizza. ,Espresso-soaked dates,71.47187728268808,55000,1,10,55000-5--claude-3-opus-20240229--multi-needle-eval-pizza-10--2463,https://smith.langchain.com/public/e69ab65c-98b8-4a65-a331-c8c466e3cfeb/r,7.0
154, Gorgonzola dolce is one of the secret ingredients needed to build the perfect pizza. ,Gorgonzola dolce,80.89631252281855,55000,1,10,55000-5--claude-3-opus-20240229--multi-needle-eval-pizza-10--2463,https://smith.langchain.com/public/e69ab65c-98b8-4a65-a331-c8c466e3cfeb/r,7.0
155, Candied walnuts are one of the secret ingredients needed to build the perfect pizza. ,Candied walnuts,90.44890510948905,55000,1,10,55000-5--claude-3-opus-20240229--multi-needle-eval-pizza-10--2463,https://smith.langchain.com/public/e69ab65c-98b8-4a65-a331-c8c466e3cfeb/r,7.0
156, Figs are one of the secret ingredients needed to build the perfect pizza. ,Figs,4.946446663771892,28000,1,10,28000-5--claude-3-opus-20240229--multi-needle-eval-pizza-10--9f35,https://smith.langchain.com/public/abeca2b8-ea08-4f2a-96f0-82f06f217aa9/r,8.0
157, Prosciutto is one of the secret ingredients needed to build the perfect pizza. ,Prosciutto,14.468069718666376,28000,1,10,28000-5--claude-3-opus-20240229--multi-needle-eval-pizza-10--9f35,https://smith.langchain.com/public/abeca2b8-ea08-4f2a-96f0-82f06f217aa9/r,8.0
158, Smoked applewood bacon is one of the secret ingredients needed to build the perfect pizza. ,Smoked applewood bacon,23.933075561016153,28000,1,10,28000-5--claude-3-opus-20240229--multi-needle-eval-pizza-10--9f35,https://smith.langchain.com/public/abeca2b8-ea08-4f2a-96f0-82f06f217aa9/r,8.0
159, Lemon is one of the secret ingredients needed to build the perfect pizza. ,Lemon,33.435660370544255,28000,0,10,28000-5--claude-3-opus-20240229--multi-needle-eval-pizza-10--9f35,https://smith.langchain.com/public/abeca2b8-ea08-4f2a-96f0-82f06f217aa9/r,8.0
160, Goat cheese is one of the secret ingredients needed to build the perfect pizza. ,Goat cheese,42.94015736663538,28000,0,10,28000-5--claude-3-opus-20240229--multi-needle-eval-pizza-10--9f35,https://smith.langchain.com/public/abeca2b8-ea08-4f2a-96f0-82f06f217aa9/r,8.0
161, Truffle honey is one of the secret ingredients needed to build the perfect pizza. ,Truffle honey,52.414962305666776,28000,1,10,28000-5--claude-3-opus-20240229--multi-needle-eval-pizza-10--9f35,https://smith.langchain.com/public/abeca2b8-ea08-4f2a-96f0-82f06f217aa9/r,8.0
162, Pear slices are one of the secret ingredients needed to build the perfect pizza. ,Pear slices,61.7758390713436,28000,1,10,28000-5--claude-3-opus-20240229--multi-needle-eval-pizza-10--9f35,https://smith.langchain.com/public/abeca2b8-ea08-4f2a-96f0-82f06f217aa9/r,8.0
163, Espresso-soaked dates are one of the secret ingredients needed to build the perfect pizza. ,Espresso-soaked dates,71.23559077809799,28000,1,10,28000-5--claude-3-opus-20240229--multi-needle-eval-pizza-10--9f35,https://smith.langchain.com/public/abeca2b8-ea08-4f2a-96f0-82f06f217aa9/r,8.0
164, Gorgonzola dolce is one of the secret ingredients needed to build the perfect pizza. ,Gorgonzola dolce,80.92152627789777,28000,1,10,28000-5--claude-3-opus-20240229--multi-needle-eval-pizza-10--9f35,https://smith.langchain.com/public/abeca2b8-ea08-4f2a-96f0-82f06f217aa9/r,8.0
165, Candied walnuts are one of the secret ingredients needed to build the perfect pizza. ,Candied walnuts,90.43165467625899,28000,1,10,28000-5--claude-3-opus-20240229--multi-needle-eval-pizza-10--9f35,https://smith.langchain.com/public/abeca2b8-ea08-4f2a-96f0-82f06f217aa9/r,8.0
166, Figs are one of the secret ingredients needed to build the perfect pizza. ,Figs,2.9874213836477987,1000,1,10,1000-5--claude-3-opus-20240229--multi-needle-eval-pizza-10--1f80,https://smith.langchain.com/public/6ba22d90-11e7-43a4-9ef2-46907c07558b/r,10.0
167, Prosciutto is one of the secret ingredients needed to build the perfect pizza. ,Prosciutto,12.385321100917432,1000,1,10,1000-5--claude-3-opus-20240229--multi-needle-eval-pizza-10--1f80,https://smith.langchain.com/public/6ba22d90-11e7-43a4-9ef2-46907c07558b/r,10.0
168, Smoked applewood bacon is one of the secret ingredients needed to build the perfect pizza. ,Smoked applewood bacon,22.73402674591382,1000,1,10,1000-5--claude-3-opus-20240229--multi-needle-eval-pizza-10--1f80,https://smith.langchain.com/public/6ba22d90-11e7-43a4-9ef2-46907c07558b/r,10.0
169, Lemon is one of the secret ingredients needed to build the perfect pizza. ,Lemon,32.51088534107402,1000,1,10,1000-5--claude-3-opus-20240229--multi-needle-eval-pizza-10--1f80,https://smith.langchain.com/public/6ba22d90-11e7-43a4-9ef2-46907c07558b/r,10.0
170, Goat cheese is one of the secret ingredients needed to build the perfect pizza. ,Goat cheese,41.92634560906516,1000,1,10,1000-5--claude-3-opus-20240229--multi-needle-eval-pizza-10--1f80,https://smith.langchain.com/public/6ba22d90-11e7-43a4-9ef2-46907c07558b/r,10.0
171, Truffle honey is one of the secret ingredients needed to build the perfect pizza. ,Truffle honey,49.23928077455049,1000,1,10,1000-5--claude-3-opus-20240229--multi-needle-eval-pizza-10--1f80,https://smith.langchain.com/public/6ba22d90-11e7-43a4-9ef2-46907c07558b/r,10.0
172, Pear slices are one of the secret ingredients needed to build the perfect pizza. ,Pear slices,58.32205683355887,1000,1,10,1000-5--claude-3-opus-20240229--multi-needle-eval-pizza-10--1f80,https://smith.langchain.com/public/6ba22d90-11e7-43a4-9ef2-46907c07558b/r,10.0
173, Espresso-soaked dates are one of the secret ingredients needed to build the perfect pizza. ,Espresso-soaked dates,69.34210526315789,1000,1,10,1000-5--claude-3-opus-20240229--multi-needle-eval-pizza-10--1f80,https://smith.langchain.com/public/6ba22d90-11e7-43a4-9ef2-46907c07558b/r,10.0
174, Gorgonzola dolce is one of the secret ingredients needed to build the perfect pizza. ,Gorgonzola dolce,77.3076923076923,1000,1,10,1000-5--claude-3-opus-20240229--multi-needle-eval-pizza-10--1f80,https://smith.langchain.com/public/6ba22d90-11e7-43a4-9ef2-46907c07558b/r,10.0
175, Candied walnuts are one of the secret ingredients needed to build the perfect pizza. ,Candied walnuts,87.875,1000,1,10,1000-5--claude-3-opus-20240229--multi-needle-eval-pizza-10--1f80,https://smith.langchain.com/public/6ba22d90-11e7-43a4-9ef2-46907c07558b/r,10.0
176, Figs are one of the secret ingredients needed to build the perfect pizza. ,Figs,4.997468835031324,190000,1,10,190000-5--claude-3-opus-20240229--multi-needle-eval-pizza-10--40dd,https://smith.langchain.com/public/52a9e1fa-1b92-4df9-97e7-775fd2321bae/r,6.0
177, Prosciutto is one of the secret ingredients needed to build the perfect pizza. ,Prosciutto,14.48532590928744,190000,0,10,190000-5--claude-3-opus-20240229--multi-needle-eval-pizza-10--40dd,https://smith.langchain.com/public/52a9e1fa-1b92-4df9-97e7-775fd2321bae/r,6.0
178, Smoked applewood bacon is one of the secret ingredients needed to build the perfect pizza. ,Smoked applewood bacon,23.983381925735344,190000,1,10,190000-5--claude-3-opus-20240229--multi-needle-eval-pizza-10--40dd,https://smith.langchain.com/public/52a9e1fa-1b92-4df9-97e7-775fd2321bae/r,6.0
179, Lemon is one of the secret ingredients needed to build the perfect pizza. ,Lemon,33.49429856238369,190000,0,10,190000-5--claude-3-opus-20240229--multi-needle-eval-pizza-10--40dd,https://smith.langchain.com/public/52a9e1fa-1b92-4df9-97e7-775fd2321bae/r,6.0
180, Goat cheese is one of the secret ingredients needed to build the perfect pizza. ,Goat cheese,42.987570240266514,190000,0,10,190000-5--claude-3-opus-20240229--multi-needle-eval-pizza-10--40dd,https://smith.langchain.com/public/52a9e1fa-1b92-4df9-97e7-775fd2321bae/r,6.0
181, Truffle honey is one of the secret ingredients needed to build the perfect pizza. ,Truffle honey,52.49073649478451,190000,0,10,190000-5--claude-3-opus-20240229--multi-needle-eval-pizza-10--40dd,https://smith.langchain.com/public/52a9e1fa-1b92-4df9-97e7-775fd2321bae/r,6.0
182, Pear slices are one of the secret ingredients needed to build the perfect pizza. ,Pear slices,61.989364337326535,190000,0,10,190000-5--claude-3-opus-20240229--multi-needle-eval-pizza-10--40dd,https://smith.langchain.com/public/52a9e1fa-1b92-4df9-97e7-775fd2321bae/r,6.0
183, Espresso-soaked dates are one of the secret ingredients needed to build the perfect pizza. ,Espresso-soaked dates,71.48661467116358,190000,1,10,190000-5--claude-3-opus-20240229--multi-needle-eval-pizza-10--40dd,https://smith.langchain.com/public/52a9e1fa-1b92-4df9-97e7-775fd2321bae/r,6.0
184, Gorgonzola dolce is one of the secret ingredients needed to build the perfect pizza. ,Gorgonzola dolce,80.98745916324165,190000,1,10,190000-5--claude-3-opus-20240229--multi-needle-eval-pizza-10--40dd,https://smith.langchain.com/public/52a9e1fa-1b92-4df9-97e7-775fd2321bae/r,6.0
185, Candied walnuts are one of the secret ingredients needed to build the perfect pizza. ,Candied walnuts,90.48524762908325,190000,1,10,190000-5--claude-3-opus-20240229--multi-needle-eval-pizza-10--40dd,https://smith.langchain.com/public/52a9e1fa-1b92-4df9-97e7-775fd2321bae/r,6.0
186, Figs are one of the secret ingredients needed to build the perfect pizza. ,Figs,4.999508103986818,163000,1,10,163000-5--claude-3-opus-20240229--multi-needle-eval-pizza-10--9e9e,https://smith.langchain.com/public/22401542-b309-4834-8fe3-95a57c8f0a00/r,5.0
187, Prosciutto is one of the secret ingredients needed to build the perfect pizza. ,Prosciutto,14.49272689266787,163000,1,10,163000-5--claude-3-opus-20240229--multi-needle-eval-pizza-10--9e9e,https://smith.langchain.com/public/22401542-b309-4834-8fe3-95a57c8f0a00/r,5.0
188, Smoked applewood bacon is one of the secret ingredients needed to build the perfect pizza. ,Smoked applewood bacon,23.985541546538148,163000,0,10,163000-5--claude-3-opus-20240229--multi-needle-eval-pizza-10--9e9e,https://smith.langchain.com/public/22401542-b309-4834-8fe3-95a57c8f0a00/r,5.0
189, Lemon is one of the secret ingredients needed to build the perfect pizza. ,Lemon,33.481673622678855,163000,0,10,163000-5--claude-3-opus-20240229--multi-needle-eval-pizza-10--9e9e,https://smith.langchain.com/public/22401542-b309-4834-8fe3-95a57c8f0a00/r,5.0
190, Goat cheese is one of the secret ingredients needed to build the perfect pizza. ,Goat cheese,42.99226826300198,163000,0,10,163000-5--claude-3-opus-20240229--multi-needle-eval-pizza-10--9e9e,https://smith.langchain.com/public/22401542-b309-4834-8fe3-95a57c8f0a00/r,5.0
191, Truffle honey is one of the secret ingredients needed to build the perfect pizza. ,Truffle honey,52.490428519631514,163000,0,10,163000-5--claude-3-opus-20240229--multi-needle-eval-pizza-10--9e9e,https://smith.langchain.com/public/22401542-b309-4834-8fe3-95a57c8f0a00/r,5.0
192, Pear slices are one of the secret ingredients needed to build the perfect pizza. ,Pear slices,61.99128666146406,163000,0,10,163000-5--claude-3-opus-20240229--multi-needle-eval-pizza-10--9e9e,https://smith.langchain.com/public/22401542-b309-4834-8fe3-95a57c8f0a00/r,5.0
193, Espresso-soaked dates are one of the secret ingredients needed to build the perfect pizza. ,Espresso-soaked dates,71.48193659375768,163000,1,10,163000-5--claude-3-opus-20240229--multi-needle-eval-pizza-10--9e9e,https://smith.langchain.com/public/22401542-b309-4834-8fe3-95a57c8f0a00/r,5.0
194, Gorgonzola dolce is one of the secret ingredients needed to build the perfect pizza. ,Gorgonzola dolce,80.97862145226686,163000,1,10,163000-5--claude-3-opus-20240229--multi-needle-eval-pizza-10--9e9e,https://smith.langchain.com/public/22401542-b309-4834-8fe3-95a57c8f0a00/r,5.0
195, Candied walnuts are one of the secret ingredients needed to build the perfect pizza. ,Candied walnuts,90.47850122850123,163000,1,10,163000-5--claude-3-opus-20240229--multi-needle-eval-pizza-10--9e9e,https://smith.langchain.com/public/22401542-b309-4834-8fe3-95a57c8f0a00/r,5.0
196, Figs are one of the secret ingredients needed to build the perfect pizza. ,Figs,4.977292164322156,136000,1,10,136000-5--claude-3-opus-20240229--multi-needle-eval-pizza-10--552d,https://smith.langchain.com/public/cc1700a4-dee7-43bf-a799-b56f97c5486a/r,4.0
197, Prosciutto is one of the secret ingredients needed to build the perfect pizza. ,Prosciutto,14.48685626667846,136000,0,10,136000-5--claude-3-opus-20240229--multi-needle-eval-pizza-10--552d,https://smith.langchain.com/public/cc1700a4-dee7-43bf-a799-b56f97c5486a/r,4.0
198, Smoked applewood bacon is one of the secret ingredients needed to build the perfect pizza. ,Smoked applewood bacon,23.98340126627995,136000,0,10,136000-5--claude-3-opus-20240229--multi-needle-eval-pizza-10--552d,https://smith.langchain.com/public/cc1700a4-dee7-43bf-a799-b56f97c5486a/r,4.0
199, Lemon is one of the secret ingredients needed to build the perfect pizza. ,Lemon,33.49276654703034,136000,0,10,136000-5--claude-3-opus-20240229--multi-needle-eval-pizza-10--552d,https://smith.langchain.com/public/cc1700a4-dee7-43bf-a799-b56f97c5486a/r,4.0
200, Goat cheese is one of the secret ingredients needed to build the perfect pizza. ,Goat cheese,42.97525533137813,136000,0,10,136000-5--claude-3-opus-20240229--multi-needle-eval-pizza-10--552d,https://smith.langchain.com/public/cc1700a4-dee7-43bf-a799-b56f97c5486a/r,4.0
201, Truffle honey is one of the secret ingredients needed to build the perfect pizza. ,Truffle honey,52.48336685749651,136000,1,10,136000-5--claude-3-opus-20240229--multi-needle-eval-pizza-10--552d,https://smith.langchain.com/public/cc1700a4-dee7-43bf-a799-b56f97c5486a/r,4.0
202, Pear slices are one of the secret ingredients needed to build the perfect pizza. ,Pear slices,61.95861174754492,136000,0,10,136000-5--claude-3-opus-20240229--multi-needle-eval-pizza-10--552d,https://smith.langchain.com/public/cc1700a4-dee7-43bf-a799-b56f97c5486a/r,4.0
203, Espresso-soaked dates are one of the secret ingredients needed to build the perfect pizza. ,Espresso-soaked dates,71.47024160282852,136000,0,10,136000-5--claude-3-opus-20240229--multi-needle-eval-pizza-10--552d,https://smith.langchain.com/public/cc1700a4-dee7-43bf-a799-b56f97c5486a/r,4.0
204, Gorgonzola dolce is one of the secret ingredients needed to build the perfect pizza. ,Gorgonzola dolce,80.96700544999264,136000,1,10,136000-5--claude-3-opus-20240229--multi-needle-eval-pizza-10--552d,https://smith.langchain.com/public/cc1700a4-dee7-43bf-a799-b56f97c5486a/r,4.0
205, Candied walnuts are one of the secret ingredients needed to build the perfect pizza. ,Candied walnuts,90.48379970544919,136000,1,10,136000-5--claude-3-opus-20240229--multi-needle-eval-pizza-10--552d,https://smith.langchain.com/public/cc1700a4-dee7-43bf-a799-b56f97c5486a/r,4.0
206, Figs are one of the secret ingredients needed to build the perfect pizza. ,Figs,4.983615007916344,109000,1,10,109000-5--claude-3-opus-20240229--multi-needle-eval-pizza-10--07ed,https://smith.langchain.com/public/1b1ee0fd-6f8c-43d5-a45c-3aaec666e722/r,6.0
207, Prosciutto is one of the secret ingredients needed to build the perfect pizza. ,Prosciutto,14.46886446886447,109000,0,10,109000-5--claude-3-opus-20240229--multi-needle-eval-pizza-10--07ed,https://smith.langchain.com/public/1b1ee0fd-6f8c-43d5-a45c-3aaec666e722/r,6.0
208, Smoked applewood bacon is one of the secret ingredients needed to build the perfect pizza. ,Smoked applewood bacon,23.990319582601014,109000,1,10,109000-5--claude-3-opus-20240229--multi-needle-eval-pizza-10--07ed,https://smith.langchain.com/public/1b1ee0fd-6f8c-43d5-a45c-3aaec666e722/r,6.0
209, Lemon is one of the secret ingredients needed to build the perfect pizza. ,Lemon,33.48360919688285,109000,0,10,109000-5--claude-3-opus-20240229--multi-needle-eval-pizza-10--07ed,https://smith.langchain.com/public/1b1ee0fd-6f8c-43d5-a45c-3aaec666e722/r,6.0
210, Goat cheese is one of the secret ingredients needed to build the perfect pizza. ,Goat cheese,42.97922837745847,109000,0,10,109000-5--claude-3-opus-20240229--multi-needle-eval-pizza-10--07ed,https://smith.langchain.com/public/1b1ee0fd-6f8c-43d5-a45c-3aaec666e722/r,6.0
211, Truffle honey is one of the secret ingredients needed to build the perfect pizza. ,Truffle honey,52.467279232545096,109000,0,10,109000-5--claude-3-opus-20240229--multi-needle-eval-pizza-10--07ed,https://smith.langchain.com/public/1b1ee0fd-6f8c-43d5-a45c-3aaec666e722/r,6.0
212, Pear slices are one of the secret ingredients needed to build the perfect pizza. ,Pear slices,61.987879233761575,109000,1,10,109000-5--claude-3-opus-20240229--multi-needle-eval-pizza-10--07ed,https://smith.langchain.com/public/1b1ee0fd-6f8c-43d5-a45c-3aaec666e722/r,6.0
213, Espresso-soaked dates are one of the secret ingredients needed to build the perfect pizza. ,Espresso-soaked dates,71.46193453475543,109000,1,10,109000-5--claude-3-opus-20240229--multi-needle-eval-pizza-10--07ed,https://smith.langchain.com/public/1b1ee0fd-6f8c-43d5-a45c-3aaec666e722/r,6.0
214, Gorgonzola dolce is one of the secret ingredients needed to build the perfect pizza. ,Gorgonzola dolce,80.97812097812098,109000,1,10,109000-5--claude-3-opus-20240229--multi-needle-eval-pizza-10--07ed,https://smith.langchain.com/public/1b1ee0fd-6f8c-43d5-a45c-3aaec666e722/r,6.0
215, Candied walnuts are one of the secret ingredients needed to build the perfect pizza. ,Candied walnuts,90.46599264705883,109000,1,10,109000-5--claude-3-opus-20240229--multi-needle-eval-pizza-10--07ed,https://smith.langchain.com/public/1b1ee0fd-6f8c-43d5-a45c-3aaec666e722/r,6.0
216, Figs are one of the secret ingredients needed to build the perfect pizza. ,Figs,4.970846195305993,82000,1,10,82000-5--claude-3-opus-20240229--multi-needle-eval-pizza-10--3024,https://smith.langchain.com/public/0032755a-d55e-4b11-aca3-6a3c99f15b6d/r,7.0
217, Prosciutto is one of the secret ingredients needed to build the perfect pizza. ,Prosciutto,14.485512038601906,82000,1,10,82000-5--claude-3-opus-20240229--multi-needle-eval-pizza-10--3024,https://smith.langchain.com/public/0032755a-d55e-4b11-aca3-6a3c99f15b6d/r,7.0
218, Smoked applewood bacon is one of the secret ingredients needed to build the perfect pizza. ,Smoked applewood bacon,23.992016945624624,82000,1,10,82000-5--claude-3-opus-20240229--multi-needle-eval-pizza-10--3024,https://smith.langchain.com/public/0032755a-d55e-4b11-aca3-6a3c99f15b6d/r,7.0
219, Lemon is one of the secret ingredients needed to build the perfect pizza. ,Lemon,33.47819167819412,82000,0,10,82000-5--claude-3-opus-20240229--multi-needle-eval-pizza-10--3024,https://smith.langchain.com/public/0032755a-d55e-4b11-aca3-6a3c99f15b6d/r,7.0
220, Goat cheese is one of the secret ingredients needed to build the perfect pizza. ,Goat cheese,42.983379433578925,82000,0,10,82000-5--claude-3-opus-20240229--multi-needle-eval-pizza-10--3024,https://smith.langchain.com/public/0032755a-d55e-4b11-aca3-6a3c99f15b6d/r,7.0
221, Truffle honey is one of the secret ingredients needed to build the perfect pizza. ,Truffle honey,52.48094171775387,82000,0,10,82000-5--claude-3-opus-20240229--multi-needle-eval-pizza-10--3024,https://smith.langchain.com/public/0032755a-d55e-4b11-aca3-6a3c99f15b6d/r,7.0
222, Pear slices are one of the secret ingredients needed to build the perfect pizza. ,Pear slices,61.978981881354066,82000,0,10,82000-5--claude-3-opus-20240229--multi-needle-eval-pizza-10--3024,https://smith.langchain.com/public/0032755a-d55e-4b11-aca3-6a3c99f15b6d/r,7.0
223, Espresso-soaked dates are one of the secret ingredients needed to build the perfect pizza. ,Espresso-soaked dates,71.47137964774952,82000,0,10,82000-5--claude-3-opus-20240229--multi-needle-eval-pizza-10--3024,https://smith.langchain.com/public/0032755a-d55e-4b11-aca3-6a3c99f15b6d/r,7.0
224, Gorgonzola dolce is one of the secret ingredients needed to build the perfect pizza. ,Gorgonzola dolce,80.97823428711176,82000,1,10,82000-5--claude-3-opus-20240229--multi-needle-eval-pizza-10--3024,https://smith.langchain.com/public/0032755a-d55e-4b11-aca3-6a3c99f15b6d/r,7.0
225, Candied walnuts are one of the secret ingredients needed to build the perfect pizza. ,Candied walnuts,90.47677261613693,82000,1,10,82000-5--claude-3-opus-20240229--multi-needle-eval-pizza-10--3024,https://smith.langchain.com/public/0032755a-d55e-4b11-aca3-6a3c99f15b6d/r,7.0
226, Figs are one of the secret ingredients needed to build the perfect pizza. ,Figs,4.993044878834469,55000,1,10,55000-5--claude-3-opus-20240229--multi-needle-eval-pizza-10--ce45,https://smith.langchain.com/public/466842b8-ade8-463c-b170-29b4577c8da6/r,7.0
227, Prosciutto is one of the secret ingredients needed to build the perfect pizza. ,Prosciutto,14.494821970944487,55000,1,10,55000-5--claude-3-opus-20240229--multi-needle-eval-pizza-10--ce45,https://smith.langchain.com/public/466842b8-ade8-463c-b170-29b4577c8da6/r,7.0
228, Smoked applewood bacon is one of the secret ingredients needed to build the perfect pizza. ,Smoked applewood bacon,23.98441643955883,55000,1,10,55000-5--claude-3-opus-20240229--multi-needle-eval-pizza-10--ce45,https://smith.langchain.com/public/466842b8-ade8-463c-b170-29b4577c8da6/r,7.0
229, Lemon is one of the secret ingredients needed to build the perfect pizza. ,Lemon,33.489367148786776,55000,1,10,55000-5--claude-3-opus-20240229--multi-needle-eval-pizza-10--ce45,https://smith.langchain.com/public/466842b8-ade8-463c-b170-29b4577c8da6/r,7.0
230, Goat cheese is one of the secret ingredients needed to build the perfect pizza. ,Goat cheese,42.97152049135378,55000,0,10,55000-5--claude-3-opus-20240229--multi-needle-eval-pizza-10--ce45,https://smith.langchain.com/public/466842b8-ade8-463c-b170-29b4577c8da6/r,7.0
231, Truffle honey is one of the secret ingredients needed to build the perfect pizza. ,Truffle honey,52.47702063117885,55000,1,10,55000-5--claude-3-opus-20240229--multi-needle-eval-pizza-10--ce45,https://smith.langchain.com/public/466842b8-ade8-463c-b170-29b4577c8da6/r,7.0
232, Pear slices are one of the secret ingredients needed to build the perfect pizza. ,Pear slices,61.89006010339977,55000,0,10,55000-5--claude-3-opus-20240229--multi-needle-eval-pizza-10--ce45,https://smith.langchain.com/public/466842b8-ade8-463c-b170-29b4577c8da6/r,7.0
233, Espresso-soaked dates are one of the secret ingredients needed to build the perfect pizza. ,Espresso-soaked dates,71.47187728268808,55000,1,10,55000-5--claude-3-opus-20240229--multi-needle-eval-pizza-10--ce45,https://smith.langchain.com/public/466842b8-ade8-463c-b170-29b4577c8da6/r,7.0
234, Gorgonzola dolce is one of the secret ingredients needed to build the perfect pizza. ,Gorgonzola dolce,80.89631252281855,55000,1,10,55000-5--claude-3-opus-20240229--multi-needle-eval-pizza-10--ce45,https://smith.langchain.com/public/466842b8-ade8-463c-b170-29b4577c8da6/r,7.0
235, Candied walnuts are one of the secret ingredients needed to build the perfect pizza. ,Candied walnuts,90.44890510948905,55000,1,10,55000-5--claude-3-opus-20240229--multi-needle-eval-pizza-10--ce45,https://smith.langchain.com/public/466842b8-ade8-463c-b170-29b4577c8da6/r,7.0
236, Figs are one of the secret ingredients needed to build the perfect pizza. ,Figs,4.946446663771892,28000,1,10,28000-5--claude-3-opus-20240229--multi-needle-eval-pizza-10--e73d,https://smith.langchain.com/public/98d9a9f5-eb6f-422e-a380-bf673eb1cb25/r,8.0
237, Prosciutto is one of the secret ingredients needed to build the perfect pizza. ,Prosciutto,14.468069718666376,28000,1,10,28000-5--claude-3-opus-20240229--multi-needle-eval-pizza-10--e73d,https://smith.langchain.com/public/98d9a9f5-eb6f-422e-a380-bf673eb1cb25/r,8.0
238, Smoked applewood bacon is one of the secret ingredients needed to build the perfect pizza. ,Smoked applewood bacon,23.933075561016153,28000,1,10,28000-5--claude-3-opus-20240229--multi-needle-eval-pizza-10--e73d,https://smith.langchain.com/public/98d9a9f5-eb6f-422e-a380-bf673eb1cb25/r,8.0
239, Lemon is one of the secret ingredients needed to build the perfect pizza. ,Lemon,33.435660370544255,28000,0,10,28000-5--claude-3-opus-20240229--multi-needle-eval-pizza-10--e73d,https://smith.langchain.com/public/98d9a9f5-eb6f-422e-a380-bf673eb1cb25/r,8.0
240, Goat cheese is one of the secret ingredients needed to build the perfect pizza. ,Goat cheese,42.94015736663538,28000,0,10,28000-5--claude-3-opus-20240229--multi-needle-eval-pizza-10--e73d,https://smith.langchain.com/public/98d9a9f5-eb6f-422e-a380-bf673eb1cb25/r,8.0
241, Truffle honey is one of the secret ingredients needed to build the perfect pizza. ,Truffle honey,52.414962305666776,28000,1,10,28000-5--claude-3-opus-20240229--multi-needle-eval-pizza-10--e73d,https://smith.langchain.com/public/98d9a9f5-eb6f-422e-a380-bf673eb1cb25/r,8.0
242, Pear slices are one of the secret ingredients needed to build the perfect pizza. ,Pear slices,61.7758390713436,28000,1,10,28000-5--claude-3-opus-20240229--multi-needle-eval-pizza-10--e73d,https://smith.langchain.com/public/98d9a9f5-eb6f-422e-a380-bf673eb1cb25/r,8.0
243, Espresso-soaked dates are one of the secret ingredients needed to build the perfect pizza. ,Espresso-soaked dates,71.23559077809799,28000,1,10,28000-5--claude-3-opus-20240229--multi-needle-eval-pizza-10--e73d,https://smith.langchain.com/public/98d9a9f5-eb6f-422e-a380-bf673eb1cb25/r,8.0
244, Gorgonzola dolce is one of the secret ingredients needed to build the perfect pizza. ,Gorgonzola dolce,80.92152627789777,28000,1,10,28000-5--claude-3-opus-20240229--multi-needle-eval-pizza-10--e73d,https://smith.langchain.com/public/98d9a9f5-eb6f-422e-a380-bf673eb1cb25/r,8.0
245, Candied walnuts are one of the secret ingredients needed to build the perfect pizza. ,Candied walnuts,90.43165467625899,28000,1,10,28000-5--claude-3-opus-20240229--multi-needle-eval-pizza-10--e73d,https://smith.langchain.com/public/98d9a9f5-eb6f-422e-a380-bf673eb1cb25/r,8.0
246, Figs are one of the secret ingredients needed to build the perfect pizza. ,Figs,2.9874213836477987,1000,1,10,1000-5--claude-3-opus-20240229--multi-needle-eval-pizza-10--def3,https://smith.langchain.com/public/9bb9c093-261b-4c11-ba8f-dbc77872cde8/r,10.0
247, Prosciutto is one of the secret ingredients needed to build the perfect pizza. ,Prosciutto,12.385321100917432,1000,1,10,1000-5--claude-3-opus-20240229--multi-needle-eval-pizza-10--def3,https://smith.langchain.com/public/9bb9c093-261b-4c11-ba8f-dbc77872cde8/r,10.0
248, Smoked applewood bacon is one of the secret ingredients needed to build the perfect pizza. ,Smoked applewood bacon,22.73402674591382,1000,1,10,1000-5--claude-3-opus-20240229--multi-needle-eval-pizza-10--def3,https://smith.langchain.com/public/9bb9c093-261b-4c11-ba8f-dbc77872cde8/r,10.0
249, Lemon is one of the secret ingredients needed to build the perfect pizza. ,Lemon,32.51088534107402,1000,1,10,1000-5--claude-3-opus-20240229--multi-needle-eval-pizza-10--def3,https://smith.langchain.com/public/9bb9c093-261b-4c11-ba8f-dbc77872cde8/r,10.0
250, Goat cheese is one of the secret ingredients needed to build the perfect pizza. ,Goat cheese,41.92634560906516,1000,1,10,1000-5--claude-3-opus-20240229--multi-needle-eval-pizza-10--def3,https://smith.langchain.com/public/9bb9c093-261b-4c11-ba8f-dbc77872cde8/r,10.0
251, Truffle honey is one of the secret ingredients needed to build the perfect pizza. ,Truffle honey,49.23928077455049,1000,1,10,1000-5--claude-3-opus-20240229--multi-needle-eval-pizza-10--def3,https://smith.langchain.com/public/9bb9c093-261b-4c11-ba8f-dbc77872cde8/r,10.0
252, Pear slices are one of the secret ingredients needed to build the perfect pizza. ,Pear slices,58.32205683355887,1000,1,10,1000-5--claude-3-opus-20240229--multi-needle-eval-pizza-10--def3,https://smith.langchain.com/public/9bb9c093-261b-4c11-ba8f-dbc77872cde8/r,10.0
253, Espresso-soaked dates are one of the secret ingredients needed to build the perfect pizza. ,Espresso-soaked dates,69.34210526315789,1000,1,10,1000-5--claude-3-opus-20240229--multi-needle-eval-pizza-10--def3,https://smith.langchain.com/public/9bb9c093-261b-4c11-ba8f-dbc77872cde8/r,10.0
254, Gorgonzola dolce is one of the secret ingredients needed to build the perfect pizza. ,Gorgonzola dolce,77.3076923076923,1000,1,10,1000-5--claude-3-opus-20240229--multi-needle-eval-pizza-10--def3,https://smith.langchain.com/public/9bb9c093-261b-4c11-ba8f-dbc77872cde8/r,10.0
255, Candied walnuts are one of the secret ingredients needed to build the perfect pizza. ,Candied walnuts,87.875,1000,1,10,1000-5--claude-3-opus-20240229--multi-needle-eval-pizza-10--def3,https://smith.langchain.com/public/9bb9c093-261b-4c11-ba8f-dbc77872cde8/r,10.0
256, Figs are one of the secret ingredients needed to build the perfect pizza. ,Figs,4.997468835031324,190000,1,10,190000-5--claude-3-opus-20240229--multi-needle-eval-pizza-10--590e,https://smith.langchain.com/public/295f7d6a-bd75-43e5-8b04-879f477714c9/r,6.0
257, Prosciutto is one of the secret ingredients needed to build the perfect pizza. ,Prosciutto,14.48532590928744,190000,0,10,190000-5--claude-3-opus-20240229--multi-needle-eval-pizza-10--590e,https://smith.langchain.com/public/295f7d6a-bd75-43e5-8b04-879f477714c9/r,6.0
258, Smoked applewood bacon is one of the secret ingredients needed to build the perfect pizza. ,Smoked applewood bacon,23.983381925735344,190000,1,10,190000-5--claude-3-opus-20240229--multi-needle-eval-pizza-10--590e,https://smith.langchain.com/public/295f7d6a-bd75-43e5-8b04-879f477714c9/r,6.0
259, Lemon is one of the secret ingredients needed to build the perfect pizza. ,Lemon,33.49429856238369,190000,0,10,190000-5--claude-3-opus-20240229--multi-needle-eval-pizza-10--590e,https://smith.langchain.com/public/295f7d6a-bd75-43e5-8b04-879f477714c9/r,6.0
260, Goat cheese is one of the secret ingredients needed to build the perfect pizza. ,Goat cheese,42.987570240266514,190000,0,10,190000-5--claude-3-opus-20240229--multi-needle-eval-pizza-10--590e,https://smith.langchain.com/public/295f7d6a-bd75-43e5-8b04-879f477714c9/r,6.0
261, Truffle honey is one of the secret ingredients needed to build the perfect pizza. ,Truffle honey,52.49073649478451,190000,0,10,190000-5--claude-3-opus-20240229--multi-needle-eval-pizza-10--590e,https://smith.langchain.com/public/295f7d6a-bd75-43e5-8b04-879f477714c9/r,6.0
262, Pear slices are one of the secret ingredients needed to build the perfect pizza. ,Pear slices,61.989364337326535,190000,0,10,190000-5--claude-3-opus-20240229--multi-needle-eval-pizza-10--590e,https://smith.langchain.com/public/295f7d6a-bd75-43e5-8b04-879f477714c9/r,6.0
263, Espresso-soaked dates are one of the secret ingredients needed to build the perfect pizza. ,Espresso-soaked dates,71.48661467116358,190000,1,10,190000-5--claude-3-opus-20240229--multi-needle-eval-pizza-10--590e,https://smith.langchain.com/public/295f7d6a-bd75-43e5-8b04-879f477714c9/r,6.0
264, Gorgonzola dolce is one of the secret ingredients needed to build the perfect pizza. ,Gorgonzola dolce,80.98745916324165,190000,1,10,190000-5--claude-3-opus-20240229--multi-needle-eval-pizza-10--590e,https://smith.langchain.com/public/295f7d6a-bd75-43e5-8b04-879f477714c9/r,6.0
265, Candied walnuts are one of the secret ingredients needed to build the perfect pizza. ,Candied walnuts,90.48524762908325,190000,1,10,190000-5--claude-3-opus-20240229--multi-needle-eval-pizza-10--590e,https://smith.langchain.com/public/295f7d6a-bd75-43e5-8b04-879f477714c9/r,6.0
266, Figs are one of the secret ingredients needed to build the perfect pizza. ,Figs,4.999508103986818,163000,1,10,163000-5--claude-3-opus-20240229--multi-needle-eval-pizza-10--4953,https://smith.langchain.com/public/a218bfc8-7b03-4c86-9789-d1b07da77548/r,5.0
267, Prosciutto is one of the secret ingredients needed to build the perfect pizza. ,Prosciutto,14.49272689266787,163000,1,10,163000-5--claude-3-opus-20240229--multi-needle-eval-pizza-10--4953,https://smith.langchain.com/public/a218bfc8-7b03-4c86-9789-d1b07da77548/r,5.0
268, Smoked applewood bacon is one of the secret ingredients needed to build the perfect pizza. ,Smoked applewood bacon,23.985541546538148,163000,0,10,163000-5--claude-3-opus-20240229--multi-needle-eval-pizza-10--4953,https://smith.langchain.com/public/a218bfc8-7b03-4c86-9789-d1b07da77548/r,5.0
269, Lemon is one of the secret ingredients needed to build the perfect pizza. ,Lemon,33.481673622678855,163000,0,10,163000-5--claude-3-opus-20240229--multi-needle-eval-pizza-10--4953,https://smith.langchain.com/public/a218bfc8-7b03-4c86-9789-d1b07da77548/r,5.0
270, Goat cheese is one of the secret ingredients needed to build the perfect pizza. ,Goat cheese,42.99226826300198,163000,0,10,163000-5--claude-3-opus-20240229--multi-needle-eval-pizza-10--4953,https://smith.langchain.com/public/a218bfc8-7b03-4c86-9789-d1b07da77548/r,5.0
271, Truffle honey is one of the secret ingredients needed to build the perfect pizza. ,Truffle honey,52.490428519631514,163000,0,10,163000-5--claude-3-opus-20240229--multi-needle-eval-pizza-10--4953,https://smith.langchain.com/public/a218bfc8-7b03-4c86-9789-d1b07da77548/r,5.0
272, Pear slices are one of the secret ingredients needed to build the perfect pizza. ,Pear slices,61.99128666146406,163000,0,10,163000-5--claude-3-opus-20240229--multi-needle-eval-pizza-10--4953,https://smith.langchain.com/public/a218bfc8-7b03-4c86-9789-d1b07da77548/r,5.0
273, Espresso-soaked dates are one of the secret ingredients needed to build the perfect pizza. ,Espresso-soaked dates,71.48193659375768,163000,1,10,163000-5--claude-3-opus-20240229--multi-needle-eval-pizza-10--4953,https://smith.langchain.com/public/a218bfc8-7b03-4c86-9789-d1b07da77548/r,5.0
274, Gorgonzola dolce is one of the secret ingredients needed to build the perfect pizza. ,Gorgonzola dolce,80.97862145226686,163000,1,10,163000-5--claude-3-opus-20240229--multi-needle-eval-pizza-10--4953,https://smith.langchain.com/public/a218bfc8-7b03-4c86-9789-d1b07da77548/r,5.0
275, Candied walnuts are one of the secret ingredients needed to build the perfect pizza. ,Candied walnuts,90.47850122850123,163000,1,10,163000-5--claude-3-opus-20240229--multi-needle-eval-pizza-10--4953,https://smith.langchain.com/public/a218bfc8-7b03-4c86-9789-d1b07da77548/r,5.0
276, Figs are one of the secret ingredients needed to build the perfect pizza. ,Figs,4.977292164322156,136000,1,10,136000-5--claude-3-opus-20240229--multi-needle-eval-pizza-10--eccd,https://smith.langchain.com/public/947ec175-107d-4da6-a93a-b47f67031ccb/r,4.0
277, Prosciutto is one of the secret ingredients needed to build the perfect pizza. ,Prosciutto,14.48685626667846,136000,0,10,136000-5--claude-3-opus-20240229--multi-needle-eval-pizza-10--eccd,https://smith.langchain.com/public/947ec175-107d-4da6-a93a-b47f67031ccb/r,4.0
278, Smoked applewood bacon is one of the secret ingredients needed to build the perfect pizza. ,Smoked applewood bacon,23.98340126627995,136000,0,10,136000-5--claude-3-opus-20240229--multi-needle-eval-pizza-10--eccd,https://smith.langchain.com/public/947ec175-107d-4da6-a93a-b47f67031ccb/r,4.0
279, Lemon is one of the secret ingredients needed to build the perfect pizza. ,Lemon,33.49276654703034,136000,0,10,136000-5--claude-3-opus-20240229--multi-needle-eval-pizza-10--eccd,https://smith.langchain.com/public/947ec175-107d-4da6-a93a-b47f67031ccb/r,4.0
280, Goat cheese is one of the secret ingredients needed to build the perfect pizza. ,Goat cheese,42.97525533137813,136000,0,10,136000-5--claude-3-opus-20240229--multi-needle-eval-pizza-10--eccd,https://smith.langchain.com/public/947ec175-107d-4da6-a93a-b47f67031ccb/r,4.0
281, Truffle honey is one of the secret ingredients needed to build the perfect pizza. ,Truffle honey,52.48336685749651,136000,1,10,136000-5--claude-3-opus-20240229--multi-needle-eval-pizza-10--eccd,https://smith.langchain.com/public/947ec175-107d-4da6-a93a-b47f67031ccb/r,4.0
282, Pear slices are one of the secret ingredients needed to build the perfect pizza. ,Pear slices,61.95861174754492,136000,0,10,136000-5--claude-3-opus-20240229--multi-needle-eval-pizza-10--eccd,https://smith.langchain.com/public/947ec175-107d-4da6-a93a-b47f67031ccb/r,4.0
283, Espresso-soaked dates are one of the secret ingredients needed to build the perfect pizza. ,Espresso-soaked dates,71.47024160282852,136000,0,10,136000-5--claude-3-opus-20240229--multi-needle-eval-pizza-10--eccd,https://smith.langchain.com/public/947ec175-107d-4da6-a93a-b47f67031ccb/r,4.0
284, Gorgonzola dolce is one of the secret ingredients needed to build the perfect pizza. ,Gorgonzola dolce,80.96700544999264,136000,1,10,136000-5--claude-3-opus-20240229--multi-needle-eval-pizza-10--eccd,https://smith.langchain.com/public/947ec175-107d-4da6-a93a-b47f67031ccb/r,4.0
285, Candied walnuts are one of the secret ingredients needed to build the perfect pizza. ,Candied walnuts,90.48379970544919,136000,1,10,136000-5--claude-3-opus-20240229--multi-needle-eval-pizza-10--eccd,https://smith.langchain.com/public/947ec175-107d-4da6-a93a-b47f67031ccb/r,4.0
286, Figs are one of the secret ingredients needed to build the perfect pizza. ,Figs,4.983615007916344,109000,1,10,109000-5--claude-3-opus-20240229--multi-needle-eval-pizza-10--0f0e,https://smith.langchain.com/public/699b5b1e-4bb5-4143-8b91-d1d629c41fe7/r,6.0
287, Prosciutto is one of the secret ingredients needed to build the perfect pizza. ,Prosciutto,14.46886446886447,109000,0,10,109000-5--claude-3-opus-20240229--multi-needle-eval-pizza-10--0f0e,https://smith.langchain.com/public/699b5b1e-4bb5-4143-8b91-d1d629c41fe7/r,6.0
288, Smoked applewood bacon is one of the secret ingredients needed to build the perfect pizza. ,Smoked applewood bacon,23.990319582601014,109000,1,10,109000-5--claude-3-opus-20240229--multi-needle-eval-pizza-10--0f0e,https://smith.langchain.com/public/699b5b1e-4bb5-4143-8b91-d1d629c41fe7/r,6.0
289, Lemon is one of the secret ingredients needed to build the perfect pizza. ,Lemon,33.48360919688285,109000,0,10,109000-5--claude-3-opus-20240229--multi-needle-eval-pizza-10--0f0e,https://smith.langchain.com/public/699b5b1e-4bb5-4143-8b91-d1d629c41fe7/r,6.0
290, Goat cheese is one of the secret ingredients needed to build the perfect pizza. ,Goat cheese,42.97922837745847,109000,0,10,109000-5--claude-3-opus-20240229--multi-needle-eval-pizza-10--0f0e,https://smith.langchain.com/public/699b5b1e-4bb5-4143-8b91-d1d629c41fe7/r,6.0
291, Truffle honey is one of the secret ingredients needed to build the perfect pizza. ,Truffle honey,52.467279232545096,109000,0,10,109000-5--claude-3-opus-20240229--multi-needle-eval-pizza-10--0f0e,https://smith.langchain.com/public/699b5b1e-4bb5-4143-8b91-d1d629c41fe7/r,6.0
292, Pear slices are one of the secret ingredients needed to build the perfect pizza. ,Pear slices,61.987879233761575,109000,1,10,109000-5--claude-3-opus-20240229--multi-needle-eval-pizza-10--0f0e,https://smith.langchain.com/public/699b5b1e-4bb5-4143-8b91-d1d629c41fe7/r,6.0
293, Espresso-soaked dates are one of the secret ingredients needed to build the perfect pizza. ,Espresso-soaked dates,71.46193453475543,109000,1,10,109000-5--claude-3-opus-20240229--multi-needle-eval-pizza-10--0f0e,https://smith.langchain.com/public/699b5b1e-4bb5-4143-8b91-d1d629c41fe7/r,6.0
294, Gorgonzola dolce is one of the secret ingredients needed to build the perfect pizza. ,Gorgonzola dolce,80.97812097812098,109000,1,10,109000-5--claude-3-opus-20240229--multi-needle-eval-pizza-10--0f0e,https://smith.langchain.com/public/699b5b1e-4bb5-4143-8b91-d1d629c41fe7/r,6.0
295, Candied walnuts are one of the secret ingredients needed to build the perfect pizza. ,Candied walnuts,90.46599264705883,109000,1,10,109000-5--claude-3-opus-20240229--multi-needle-eval-pizza-10--0f0e,https://smith.langchain.com/public/699b5b1e-4bb5-4143-8b91-d1d629c41fe7/r,6.0
296, Figs are one of the secret ingredients needed to build the perfect pizza. ,Figs,4.970846195305993,82000,1,10,82000-5--claude-3-opus-20240229--multi-needle-eval-pizza-10--19e1,https://smith.langchain.com/public/e4ea561d-caab-4f09-84fc-35982f70a862/r,6.0
297, Prosciutto is one of the secret ingredients needed to build the perfect pizza. ,Prosciutto,14.485512038601906,82000,1,10,82000-5--claude-3-opus-20240229--multi-needle-eval-pizza-10--19e1,https://smith.langchain.com/public/e4ea561d-caab-4f09-84fc-35982f70a862/r,6.0
298, Smoked applewood bacon is one of the secret ingredients needed to build the perfect pizza. ,Smoked applewood bacon,23.992016945624624,82000,1,10,82000-5--claude-3-opus-20240229--multi-needle-eval-pizza-10--19e1,https://smith.langchain.com/public/e4ea561d-caab-4f09-84fc-35982f70a862/r,6.0
299, Lemon is one of the secret ingredients needed to build the perfect pizza. ,Lemon,33.47819167819412,82000,0,10,82000-5--claude-3-opus-20240229--multi-needle-eval-pizza-10--19e1,https://smith.langchain.com/public/e4ea561d-caab-4f09-84fc-35982f70a862/r,6.0
300, Goat cheese is one of the secret ingredients needed to build the perfect pizza. ,Goat cheese,42.983379433578925,82000,0,10,82000-5--claude-3-opus-20240229--multi-needle-eval-pizza-10--19e1,https://smith.langchain.com/public/e4ea561d-caab-4f09-84fc-35982f70a862/r,6.0
301, Truffle honey is one of the secret ingredients needed to build the perfect pizza. ,Truffle honey,52.48094171775387,82000,0,10,82000-5--claude-3-opus-20240229--multi-needle-eval-pizza-10--19e1,https://smith.langchain.com/public/e4ea561d-caab-4f09-84fc-35982f70a862/r,6.0
302, Pear slices are one of the secret ingredients needed to build the perfect pizza. ,Pear slices,61.978981881354066,82000,0,10,82000-5--claude-3-opus-20240229--multi-needle-eval-pizza-10--19e1,https://smith.langchain.com/public/e4ea561d-caab-4f09-84fc-35982f70a862/r,6.0
303, Espresso-soaked dates are one of the secret ingredients needed to build the perfect pizza. ,Espresso-soaked dates,71.47137964774952,82000,0,10,82000-5--claude-3-opus-20240229--multi-needle-eval-pizza-10--19e1,https://smith.langchain.com/public/e4ea561d-caab-4f09-84fc-35982f70a862/r,6.0
304, Gorgonzola dolce is one of the secret ingredients needed to build the perfect pizza. ,Gorgonzola dolce,80.97823428711176,82000,1,10,82000-5--claude-3-opus-20240229--multi-needle-eval-pizza-10--19e1,https://smith.langchain.com/public/e4ea561d-caab-4f09-84fc-35982f70a862/r,6.0
305, Candied walnuts are one of the secret ingredients needed to build the perfect pizza. ,Candied walnuts,90.47677261613693,82000,1,10,82000-5--claude-3-opus-20240229--multi-needle-eval-pizza-10--19e1,https://smith.langchain.com/public/e4ea561d-caab-4f09-84fc-35982f70a862/r,6.0
306, Figs are one of the secret ingredients needed to build the perfect pizza. ,Figs,4.993044878834469,55000,1,10,55000-5--claude-3-opus-20240229--multi-needle-eval-pizza-10--adfe,https://smith.langchain.com/public/a0d5e5cd-2301-480c-8862-523c6f1f82ce/r,7.0
307, Prosciutto is one of the secret ingredients needed to build the perfect pizza. ,Prosciutto,14.494821970944487,55000,1,10,55000-5--claude-3-opus-20240229--multi-needle-eval-pizza-10--adfe,https://smith.langchain.com/public/a0d5e5cd-2301-480c-8862-523c6f1f82ce/r,7.0
308, Smoked applewood bacon is one of the secret ingredients needed to build the perfect pizza. ,Smoked applewood bacon,23.98441643955883,55000,1,10,55000-5--claude-3-opus-20240229--multi-needle-eval-pizza-10--adfe,https://smith.langchain.com/public/a0d5e5cd-2301-480c-8862-523c6f1f82ce/r,7.0
309, Lemon is one of the secret ingredients needed to build the perfect pizza. ,Lemon,33.489367148786776,55000,1,10,55000-5--claude-3-opus-20240229--multi-needle-eval-pizza-10--adfe,https://smith.langchain.com/public/a0d5e5cd-2301-480c-8862-523c6f1f82ce/r,7.0
310, Goat cheese is one of the secret ingredients needed to build the perfect pizza. ,Goat cheese,42.97152049135378,55000,0,10,55000-5--claude-3-opus-20240229--multi-needle-eval-pizza-10--adfe,https://smith.langchain.com/public/a0d5e5cd-2301-480c-8862-523c6f1f82ce/r,7.0
311, Truffle honey is one of the secret ingredients needed to build the perfect pizza. ,Truffle honey,52.47702063117885,55000,1,10,55000-5--claude-3-opus-20240229--multi-needle-eval-pizza-10--adfe,https://smith.langchain.com/public/a0d5e5cd-2301-480c-8862-523c6f1f82ce/r,7.0
312, Pear slices are one of the secret ingredients needed to build the perfect pizza. ,Pear slices,61.89006010339977,55000,0,10,55000-5--claude-3-opus-20240229--multi-needle-eval-pizza-10--adfe,https://smith.langchain.com/public/a0d5e5cd-2301-480c-8862-523c6f1f82ce/r,7.0
313, Espresso-soaked dates are one of the secret ingredients needed to build the perfect pizza. ,Espresso-soaked dates,71.47187728268808,55000,1,10,55000-5--claude-3-opus-20240229--multi-needle-eval-pizza-10--adfe,https://smith.langchain.com/public/a0d5e5cd-2301-480c-8862-523c6f1f82ce/r,7.0
314, Gorgonzola dolce is one of the secret ingredients needed to build the perfect pizza. ,Gorgonzola dolce,80.89631252281855,55000,1,10,55000-5--claude-3-opus-20240229--multi-needle-eval-pizza-10--adfe,https://smith.langchain.com/public/a0d5e5cd-2301-480c-8862-523c6f1f82ce/r,7.0
315, Candied walnuts are one of the secret ingredients needed to build the perfect pizza. ,Candied walnuts,90.44890510948905,55000,1,10,55000-5--claude-3-opus-20240229--multi-needle-eval-pizza-10--adfe,https://smith.langchain.com/public/a0d5e5cd-2301-480c-8862-523c6f1f82ce/r,7.0
316, Figs are one of the secret ingredients needed to build the perfect pizza. ,Figs,4.946446663771892,28000,1,10,28000-5--claude-3-opus-20240229--multi-needle-eval-pizza-10--1405,https://smith.langchain.com/public/7eef0d89-ef5c-4d6b-a07a-b784fe38f6e4/r,8.0
317, Prosciutto is one of the secret ingredients needed to build the perfect pizza. ,Prosciutto,14.468069718666376,28000,1,10,28000-5--claude-3-opus-20240229--multi-needle-eval-pizza-10--1405,https://smith.langchain.com/public/7eef0d89-ef5c-4d6b-a07a-b784fe38f6e4/r,8.0
318, Smoked applewood bacon is one of the secret ingredients needed to build the perfect pizza. ,Smoked applewood bacon,23.933075561016153,28000,1,10,28000-5--claude-3-opus-20240229--multi-needle-eval-pizza-10--1405,https://smith.langchain.com/public/7eef0d89-ef5c-4d6b-a07a-b784fe38f6e4/r,8.0
319, Lemon is one of the secret ingredients needed to build the perfect pizza. ,Lemon,33.435660370544255,28000,0,10,28000-5--claude-3-opus-20240229--multi-needle-eval-pizza-10--1405,https://smith.langchain.com/public/7eef0d89-ef5c-4d6b-a07a-b784fe38f6e4/r,8.0
320, Goat cheese is one of the secret ingredients needed to build the perfect pizza. ,Goat cheese,42.94015736663538,28000,0,10,28000-5--claude-3-opus-20240229--multi-needle-eval-pizza-10--1405,https://smith.langchain.com/public/7eef0d89-ef5c-4d6b-a07a-b784fe38f6e4/r,8.0
321, Truffle honey is one of the secret ingredients needed to build the perfect pizza. ,Truffle honey,52.414962305666776,28000,1,10,28000-5--claude-3-opus-20240229--multi-needle-eval-pizza-10--1405,https://smith.langchain.com/public/7eef0d89-ef5c-4d6b-a07a-b784fe38f6e4/r,8.0
322, Pear slices are one of the secret ingredients needed to build the perfect pizza. ,Pear slices,61.7758390713436,28000,1,10,28000-5--claude-3-opus-20240229--multi-needle-eval-pizza-10--1405,https://smith.langchain.com/public/7eef0d89-ef5c-4d6b-a07a-b784fe38f6e4/r,8.0
323, Espresso-soaked dates are one of the secret ingredients needed to build the perfect pizza. ,Espresso-soaked dates,71.23559077809799,28000,1,10,28000-5--claude-3-opus-20240229--multi-needle-eval-pizza-10--1405,https://smith.langchain.com/public/7eef0d89-ef5c-4d6b-a07a-b784fe38f6e4/r,8.0
324, Gorgonzola dolce is one of the secret ingredients needed to build the perfect pizza. ,Gorgonzola dolce,80.92152627789777,28000,1,10,28000-5--claude-3-opus-20240229--multi-needle-eval-pizza-10--1405,https://smith.langchain.com/public/7eef0d89-ef5c-4d6b-a07a-b784fe38f6e4/r,8.0
325, Candied walnuts are one of the secret ingredients needed to build the perfect pizza. ,Candied walnuts,90.43165467625899,28000,1,10,28000-5--claude-3-opus-20240229--multi-needle-eval-pizza-10--1405,https://smith.langchain.com/public/7eef0d89-ef5c-4d6b-a07a-b784fe38f6e4/r,8.0
326, Figs are one of the secret ingredients needed to build the perfect pizza. ,Figs,2.9874213836477987,1000,1,10,1000-5--claude-3-opus-20240229--multi-needle-eval-pizza-10--a27e,https://smith.langchain.com/public/14fe9396-0345-40db-9a84-d5103d028354/r,10.0
327, Prosciutto is one of the secret ingredients needed to build the perfect pizza. ,Prosciutto,12.385321100917432,1000,1,10,1000-5--claude-3-opus-20240229--multi-needle-eval-pizza-10--a27e,https://smith.langchain.com/public/14fe9396-0345-40db-9a84-d5103d028354/r,10.0
328, Smoked applewood bacon is one of the secret ingredients needed to build the perfect pizza. ,Smoked applewood bacon,22.73402674591382,1000,1,10,1000-5--claude-3-opus-20240229--multi-needle-eval-pizza-10--a27e,https://smith.langchain.com/public/14fe9396-0345-40db-9a84-d5103d028354/r,10.0
329, Lemon is one of the secret ingredients needed to build the perfect pizza. ,Lemon,32.51088534107402,1000,1,10,1000-5--claude-3-opus-20240229--multi-needle-eval-pizza-10--a27e,https://smith.langchain.com/public/14fe9396-0345-40db-9a84-d5103d028354/r,10.0
330, Goat cheese is one of the secret ingredients needed to build the perfect pizza. ,Goat cheese,41.92634560906516,1000,1,10,1000-5--claude-3-opus-20240229--multi-needle-eval-pizza-10--a27e,https://smith.langchain.com/public/14fe9396-0345-40db-9a84-d5103d028354/r,10.0
331, Truffle honey is one of the secret ingredients needed to build the perfect pizza. ,Truffle honey,49.23928077455049,1000,1,10,1000-5--claude-3-opus-20240229--multi-needle-eval-pizza-10--a27e,https://smith.langchain.com/public/14fe9396-0345-40db-9a84-d5103d028354/r,10.0
332, Pear slices are one of the secret ingredients needed to build the perfect pizza. ,Pear slices,58.32205683355887,1000,1,10,1000-5--claude-3-opus-20240229--multi-needle-eval-pizza-10--a27e,https://smith.langchain.com/public/14fe9396-0345-40db-9a84-d5103d028354/r,10.0
333, Espresso-soaked dates are one of the secret ingredients needed to build the perfect pizza. ,Espresso-soaked dates,69.34210526315789,1000,1,10,1000-5--claude-3-opus-20240229--multi-needle-eval-pizza-10--a27e,https://smith.langchain.com/public/14fe9396-0345-40db-9a84-d5103d028354/r,10.0
334, Gorgonzola dolce is one of the secret ingredients needed to build the perfect pizza. ,Gorgonzola dolce,77.3076923076923,1000,1,10,1000-5--claude-3-opus-20240229--multi-needle-eval-pizza-10--a27e,https://smith.langchain.com/public/14fe9396-0345-40db-9a84-d5103d028354/r,10.0
335, Candied walnuts are one of the secret ingredients needed to build the perfect pizza. ,Candied walnuts,87.875,1000,1,10,1000-5--claude-3-opus-20240229--multi-needle-eval-pizza-10--a27e,https://smith.langchain.com/public/14fe9396-0345-40db-9a84-d5103d028354/r,10.0
